[{"model": "contenttypes.contenttype", "fields": {"app_label": "admin", "model": "logentry"}}, {"model": "contenttypes.contenttype", "fields": {"app_label": "auth", "model": "permission"}}, {"model": "contenttypes.contenttype", "fields": {"app_label": "auth", "model": "group"}}, {"model": "contenttypes.contenttype", "fields": {"app_label": "contenttypes", "model": "contenttype"}}, {"model": "contenttypes.contenttype", "fields": {"app_label": "sessions", "model": "session"}}, {"model": "contenttypes.contenttype", "fields": {"app_label": "accounts", "model": "errorlog"}}, {"model": "contenttypes.contenttype", "fields": {"app_label": "accounts", "model": "roles"}}, {"model": "contenttypes.contenttype", "fields": {"app_label": "accounts", "model": "customuser"}}, {"model": "contenttypes.contenttype", "fields": {"app_label": "accounts", "model": "passwordstorage"}}, {"model": "contenttypes.contenttype", "fields": {"app_label": "masters", "model": "vendor"}}, {"model": "contenttypes.contenttype", "fields": {"app_label": "masters", "model": "bouquetimage"}}, {"model": "contenttypes.contenttype", "fields": {"app_label": "masters", "model": "occasion"}}, {"model": "contenttypes.contenttype", "fields": {"app_label": "masters", "model": "bouquet"}}, {"model": "contenttypes.contenttype", "fields": {"app_label": "masters", "model": "bouquetoccasion"}}, {"model": "contenttypes.contenttype", "fields": {"app_label": "masters", "model": "deliverypincode"}}, {"model": "contenttypes.contenttype", "fields": {"app_label": "masters", "model": "audiogramreading"}}, {"model": "contenttypes.contenttype", "fields": {"app_label": "masters", "model": "audiogramtest"}}, {"model": "contenttypes.contenttype", "fields": {"app_label": "masters", "model": "patient"}}, {"model": "contenttypes.contenttype", "fields": {"app_label": "store", "model": "cart"}}, {"model": "contenttypes.contenttype", "fields": {"app_label": "store", "model": "cartitem"}}, {"model": "contenttypes.contenttype", "fields": {"app_label": "store", "model": "review"}}, {"model": "contenttypes.contenttype", "fields": {"app_label": "accounts", "model": "userprofile"}}, {"model": "contenttypes.contenttype", "fields": {"app_label": "store", "model": "order"}}, {"model": "contenttypes.contenttype", "fields": {"app_label": "store", "model": "orderitem"}}, {"model": "sessions.session", "pk": "0ccsam2s9f2v4tbui3ed0v62v0sb5a2e", "fields": {"session_data": ".eJxVjEsOwjAMBe-SNYr6CanbJXvOEDm2QwMoqZpWAiHuDpW6gO2befNSDtdldGuR2UVWg2rV4XfzSDdJG-ArpkvWlNMyR683Re-06HNmuZ929y8wYhm_bzAoXVdbMSyIhkNLYLyxQLYWDz5gT95ygJ5DLYa4AZQjWbBNxYb7LVqklJiTk8cU56caqvcH2VNAeg:1vyNwB:JV5aCOFY_xoaDMkGDCNGCcT0aI4qUCfcjPSDH7kCa-8", "expire_date": "2026-03-07T05:41:23.604Z"}}, {"model": "sessions.session", "pk": "0deqhzkfs55ryc9e3mw7u6uu70rdkhxn", "fields": {"session_data": ".eJxVjEEOwiAQRe_C2pChpUi7dO8ZyMAMFjXQlDbRGO-uTbrQ7X_vv5dwuC6jWyvPLpEYhBKH381juHHeAF0xX4oMJS9z8nJT5E6rPBfi-2l3_wIj1vH71oa8YW8pdE3srD0CMKINGqjDoMgYwxpA9WB1g6RYcatj9G30Tc8Gt2jlWlPJjh9Tmp9igPcHocY_kg:1vrvPX:mxpwLvS09HZiRMFYoPl1Vr4Lqaeku5EXexEwY205GeU", "expire_date": "2026-02-17T10:00:59.570Z"}}, {"model": "sessions.session", "pk": "0mnx1jilluh0lkhi75yjl9ax2xs3qmuj", "fields": {"session_data": "e30:1vxgb5:6DLQD55YUcADINIhJyP-Z_6FCE8T14NfZzzvJCPk2fg", "expire_date": "2026-03-05T07:24:43.014Z"}}, {"model": "sessions.session", "pk": "0wk8e8xt23jsnapj6rbpxcbp7r237h9j", "fields": {"session_data": "e30:1vy6pm:R3zIHGyTPB_6JPSwtR_bbf7kv6Hq2bsv0oo6scIPt7Y", "expire_date": "2026-03-06T11:25:38.487Z"}}, {"model": "sessions.session", "pk": "1rqn6paueq0m57ctu1d7i5voaz2oukvm", "fields": {"session_data": "e30:1vup0N:n3EsQ7uj0IdJdY3SeyEme5t2Bd1ZNIZRTuBwUuye0-k", "expire_date": "2026-02-25T09:46:59.908Z"}}, {"model": "sessions.session", "pk": "1ymz08ztj42oiggid3vc2j54rnoka8ak", "fields": {"session_data": ".eJxVjEsOwjAMBe-SNYr6CanbJXvOEDm2QwMoqZpWAiHuDpW6gO2befNSDtdldGuR2UVWg2rV4XfzSDdJG-ArpkvWlNMyR683Re-06HNmuZ929y8wYhm_bzAoXVdbMSyIhkNLYLyxQLYWDz5gT95ygJ5DLYa4AZQjWbBNxYb7LVqklJiTk8cU56caqvcH2VNAeg:1vyP5X:42M8S5mXzK6HDyi5p5-quM4GtzZMElyzqp7_INITgRc", "expire_date": "2026-03-07T06:55:07.895Z"}}, {"model": "sessions.session", "pk": "29pdyavdggh5489ap0sd5rjurpi3zv4r", "fields": {"session_data": "e30:1vxemK:DlVYRJI1UQp2fqP0jIkkbpf-N7nNrbw7IwH8Rkak_48", "expire_date": "2026-03-05T05:28:12.313Z"}}, {"model": "sessions.session", "pk": "2lcy2w0y0l4926iwqb0iig3x237q0yzn", "fields": {"session_data": "e30:1vuouv:BpbCUyrWoBIbeBaT5D4_QEevFJextZdiUK9l1VBI64o", "expire_date": "2026-02-25T09:41:21.997Z"}}, {"model": "sessions.session", "pk": "3dadj9ah7438imayr0sa6g7za88kyilb", "fields": {"session_data": "e30:1vyOaL:HQlWoopqZl_5UJymsfD91hQ4ZUUMOJsSt0nXT2Ue8e0", "expire_date": "2026-03-07T06:22:53.908Z"}}, {"model": "sessions.session", "pk": "3ugvu6iesee28h14tjui0lubzjr7s2hs", "fields": {"session_data": "e30:1vuli9:wuf14CJVfjC6gRuTKuaVoAo0abRP-cgHyIZ3pTm_E08", "expire_date": "2026-02-25T06:15:57.945Z"}}, {"model": "sessions.session", "pk": "4g6xwssgcygrae6718epyv4g9d44ikf7", "fields": {"session_data": ".eJxVjEEOwiAQRe_C2pChpUi7dO8ZyMAMFjXQlDbRGO-uTbrQ7X_vv5dwuC6jWyvPLpEYhBKH381juHHeAF0xX4oMJS9z8nJT5E6rPBfi-2l3_wIj1vH71oa8YW8pdE3srD0CMKINGqjDoMgYwxpA9WB1g6RYcatj9G30Tc8Gt2jlWlPJjh9Tmp9igPcHocY_kg:1vrviP:bTNlYQQlWBSrRNPbZQvU2Of88EydTr92I1Trfodkj_A", "expire_date": "2026-02-17T10:20:29.315Z"}}, {"model": "sessions.session", "pk": "4t3vqw11fcjegcvgculeunxazrzx7ofb", "fields": {"session_data": "e30:1vy7iM:75dmRUA-mofC6HknfbNBZPLHt6rDe3LISgf-2gSclpA", "expire_date": "2026-03-06T12:22:02.972Z"}}, {"model": "sessions.session", "pk": "53msshif47xfbvw4ody96hq6u4kv6yf5", "fields": {"session_data": ".eJxVjEsOwjAMBe-SNYr6CanbJXvOEDm2QwMoqZpWAiHuDpW6gO2befNSDtdldGuR2UVWg2rV4XfzSDdJG-ArpkvWlNMyR683Re-06HNmuZ929y8wYhm_bzAoXVdbMSyIhkNLYLyxQLYWDz5gT95ygJ5DLYa4AZQjWbBNxYb7LVqklJiTk8cU56caqvcH2VNAeg:1vyO2x:NSKqNpLvFYMJEtfsJm6wCu5H829ns1TOkwRoi69PIWI", "expire_date": "2026-03-07T05:48:23.873Z"}}, {"model": "sessions.session", "pk": "5dt9rfayqk2as99wkf62y5obzswsqv68", "fields": {"session_data": ".eJxVjEsOwjAMBe-SNYr6CanbJXvOEDm2QwMoqZpWAiHuDpW6gO2befNSDtdldGuR2UVWg2rV4XfzSDdJG-ArpkvWlNMyR683Re-06HNmuZ929y8wYhm_bzAoXVdbMSyIhkNLYLyxQLYWDz5gT95ygJ5DLYa4AZQjWbBNxYb7LVqklJiTk8cU56caqvcH2VNAeg:1vxfxo:eeR5ZTeoF4h93RdaNiJphXgN7Urgpq8ig62P5TQtg_U", "expire_date": "2026-03-05T06:44:08.592Z"}}, {"model": "sessions.session", "pk": "5oflrgkr8kbrvvvz0k32cc0xv5ylnqhr", "fields": {"session_data": "e30:1vy7eA:DgXWfzRpz3WvTYTcaFkTn9lM7c_Tph9UQ6E8ikma5-Y", "expire_date": "2026-03-06T12:17:42.289Z"}}, {"model": "sessions.session", "pk": "5xvezfee0gssv7k44t9g2v6gpeg39hwy", "fields": {"session_data": ".eJxVjEEOwiAQRe_C2pChpUi7dO8ZyMAMFjXQlDbRGO-uTbrQ7X_vv5dwuC6jWyvPLpEYhBKH381juHHeAF0xX4oMJS9z8nJT5E6rPBfi-2l3_wIj1vH71oa8YW8pdE3srD0CMKINGqjDoMgYwxpA9WB1g6RYcatj9G30Tc8Gt2jlWlPJjh9Tmp9igPcHocY_kg:1vrvjb:FADG0sxIEUc4ri1dJTL8GU4DjfnTqWEATgIiwBSavrA", "expire_date": "2026-02-17T10:21:43.997Z"}}, {"model": "sessions.session", "pk": "616tphpz2joj2q7d7tn4a6gxwqb6ukpu", "fields": {"session_data": ".eJxVjEEOwiAQRe_C2pChpUi7dO8ZyMAMFjXQlDbRGO-uTbrQ7X_vv5dwuC6jWyvPLpEYhBKH381juHHeAF0xX4oMJS9z8nJT5E6rPBfi-2l3_wIj1vH71oa8YW8pdE3srD0CMKINGqjDoMgYwxpA9WB1g6RYcatj9G30Tc8Gt2jlWlPJjh9Tmp9igPcHocY_kg:1vrvzh:IXnGg6KFf7BRhbe7xdsHV2eT0Nl7CU3hVzO-4iyzjRM", "expire_date": "2026-02-17T10:38:21.414Z"}}, {"model": "sessions.session", "pk": "6ennqasq3ks471mpi9wxf7l7i2p8z5hz", "fields": {"session_data": "e30:1vxfhR:x1Z9SE02cZ4_P_eIv3GU6dl6FR3Z1g2TUuwoYFKBssc", "expire_date": "2026-03-05T06:27:13.838Z"}}, {"model": "sessions.session", "pk": "6lxo9w18w7iif369n6wx9qre1c5yuf6w", "fields": {"session_data": "e30:1vvSZe:TzyBh1p-QHQOwlLc53PFYDmfZ2wjyqwUpUgrzGVIo7Q", "expire_date": "2026-02-27T04:02:02.378Z"}}, {"model": "sessions.session", "pk": "79d905utb8isp26uczohj0elb1k0tv19", "fields": {"session_data": ".eJxVjMEOwiAQBf-FsyFAS4EevfsNZFkWixowpU00xn_XJj3o9c28eTEP6zL5tdHsc2Qjk-zwuwXAK5UNxAuUc-VYyzLnwDeF77TxU410O-7uX2CCNn3fCaVC0BQwKWcGEoL6XqNMQ3KkyQUhbUc4qE6Aka63MqRoQehknRHKbNFGreVaPD3ueX6yUbw_oaY_Fg:1vqZuj:vuWGGjcJ41a-zGaEttuYz2aOaamCaAyzeczdafCt3OE", "expire_date": "2026-02-13T16:51:37.822Z"}}, {"model": "sessions.session", "pk": "7bsc5s6ph6wml8qfdlxkad7vxtdle1yb", "fields": {"session_data": ".eJxVjEsOwjAMBe-SNYr6CanbJXvOEDm2QwMoqZpWAiHuDpW6gO2befNSDtdldGuR2UVWg2rV4XfzSDdJG-ArpkvWlNMyR683Re-06HNmuZ929y8wYhm_bzAoXVdbMSyIhkNLYLyxQLYWDz5gT95ygJ5DLYa4AZQjWbBNxYb7LVqklJiTk8cU56caqvcH2VNAeg:1vupNx:Lz2f0y0TNUqWeWp5du_FT3nC4my-5D_YDZPT3ex3cfE", "expire_date": "2026-02-25T10:11:21.060Z"}}, {"model": "sessions.session", "pk": "7rogrozgsixenok1t47cutx2sbjbn4xd", "fields": {"session_data": ".eJxVjEEOwiAQRe_C2pChpUi7dO8ZyMAMFjXQlDbRGO-uTbrQ7X_vv5dwuC6jWyvPLpEYhBKH381juHHeAF0xX4oMJS9z8nJT5E6rPBfi-2l3_wIj1vH71oa8YW8pdE3srD0CMKINGqjDoMgYwxpA9WB1g6RYcatj9G30Tc8Gt2jlWlPJjh9Tmp9igPcHocY_kg:1vtNWw:7kp40_1b2Ffijyph3ILTKNc62TwuO_Jur8aeu42Be80", "expire_date": "2026-02-21T10:14:38.407Z"}}, {"model": "sessions.session", "pk": "80dn7emfh8y29jszbcjy0d0mu3lchq58", "fields": {"session_data": ".eJxVjMEOwiAQBf-FsyFAS4EevfsNZFkWixowpU00xn_XJj3o9c28eTEP6zL5tdHsc2Qjk-zwuwXAK5UNxAuUc-VYyzLnwDeF77TxU410O-7uX2CCNn3fCaVC0BQwKWcGEoL6XqNMQ3KkyQUhbUc4qE6Aka63MqRoQehknRHKbNFGreVaPD3ueX6yUbw_oaY_Fg:1vqa78:umq6cLUhU7ndWxRyT62Hqy_kwdUtOvzcIsCuOfdkUnk", "expire_date": "2026-02-13T17:04:26.915Z"}}, {"model": "sessions.session", "pk": "93u7o6kpf13ly1a604zs55kgcpmeibv4", "fields": {"session_data": "e30:1vunUm:fr2aESXNa32K5H0Ok3QbpqW2yP0tg7gBK-VsMBcvESM", "expire_date": "2026-02-25T08:10:16.414Z"}}, {"model": "sessions.session", "pk": "9h5ne34lqsh0485oguk4gzr8vsuh60mm", "fields": {"session_data": "eyJjaGVja291dF9hZnRlcl9sb2dpbiI6dHJ1ZX0:1vxgVN:ez3CjiYfjOb11xf7p3dFh56gT20I6ZIqNf0erEgcktA", "expire_date": "2026-03-05T07:18:49.333Z"}}, {"model": "sessions.session", "pk": "9ouhsmc4abad2s4vt389hqktu9pm5qjh", "fields": {"session_data": ".eJxVjEEOwiAQRe_C2pChpUi7dO8ZyMAMFjXQlDbRGO-uTbrQ7X_vv5dwuC6jWyvPLpEYhBKH381juHHeAF0xX4oMJS9z8nJT5E6rPBfi-2l3_wIj1vH71oa8YW8pdE3srD0CMKINGqjDoMgYwxpA9WB1g6RYcatj9G30Tc8Gt2jlWlPJjh9Tmp9igPcHocY_kg:1vruxB:Hh1BM5QqDuHAP3-Hbk3IXprVW5gyvq-yxwm3F2utwEU", "expire_date": "2026-02-17T09:31:41.213Z"}}, {"model": "sessions.session", "pk": "aehssseq34uj8iuhidj0enw8jd8k0tvx", "fields": {"session_data": ".eJxVjEEOwiAQRe_C2pChpUi7dO8ZyMAMFjXQlDbRGO-uTbrQ7X_vv5dwuC6jWyvPLpEYhBKH381juHHeAF0xX4oMJS9z8nJT5E6rPBfi-2l3_wIj1vH71oa8YW8pdE3srD0CMKINGqjDoMgYwxpA9WB1g6RYcatj9G30Tc8Gt2jlWlPJjh9Tmp9igPcHocY_kg:1vtPX4:5VoEc6Kegh4lzaAaOIFzE-_oW1kw0iVGI-yGnEsZ1tg", "expire_date": "2026-02-21T12:22:54.009Z"}}, {"model": "sessions.session", "pk": "aey2rm8bcii8qro42g1j59dh97j77z3n", "fields": {"session_data": "eyJjaGVja291dF9hZnRlcl9sb2dpbiI6dHJ1ZX0:1vup95:c1UTkatZLaz1_57K3N2cnApTDFiDwL6ZqHk6NWsbOlE", "expire_date": "2026-02-25T09:55:59.419Z"}}, {"model": "sessions.session", "pk": "ap3y4dwfnfc5rb9qb8afbazvlfpx7o8m", "fields": {"session_data": ".eJxVjEsOwjAMBe-SNYr6CanbJXvOEDm2QwMoqZpWAiHuDpW6gO2befNSDtdldGuR2UVWg2rV4XfzSDdJG-ArpkvWlNMyR683Re-06HNmuZ929y8wYhm_bzAoXVdbMSyIhkNLYLyxQLYWDz5gT95ygJ5DLYa4AZQjWbBNxYb7LVqklJiTk8cU56caqvcH2VNAeg:1vxge4:1_McFFRrdP3pIWXbYLKJYldMGWL9FaQDoOpboUQRhfs", "expire_date": "2026-03-05T07:27:48.286Z"}}, {"model": "sessions.session", "pk": "b72skl5jrwswtuguvuk6llbnse7c6uen", "fields": {"session_data": "e30:1vuouo:vfHMSwECz2G9s8-RCMHrB5j0qKNzvWYQvS0c1KWfNk0", "expire_date": "2026-02-25T09:41:14.347Z"}}, {"model": "sessions.session", "pk": "be958upnc7kfmvav84uw3hbn1nznipq0", "fields": {"session_data": ".eJxVjEEOwiAQRe_C2pChpUi7dO8ZyMAMFjXQlDbRGO-uTbrQ7X_vv5dwuC6jWyvPLpEYhBKH381juHHeAF0xX4oMJS9z8nJT5E6rPBfi-2l3_wIj1vH71oa8YW8pdE3srD0CMKINGqjDoMgYwxpA9WB1g6RYcatj9G30Tc8Gt2jlWlPJjh9Tmp9igPcHocY_kg:1vrvrJ:5rZumc-sCeynqoZDzsQmykN9S-xLPNUGxZAC7Y046QM", "expire_date": "2026-02-17T10:29:41.492Z"}}, {"model": "sessions.session", "pk": "bjnozo3lzcqj03u5vlnwdf0ef2k4g1jp", "fields": {"session_data": ".eJxVjEEOwiAQRe_C2pChpUi7dO8ZyMAMFjXQlDbRGO-uTbrQ7X_vv5dwuC6jWyvPLpEYhBKH381juHHeAF0xX4oMJS9z8nJT5E6rPBfi-2l3_wIj1vH71oa8YW8pdE3srD0CMKINGqjDoMgYwxpA9WB1g6RYcatj9G30Tc8Gt2jlWlPJjh9Tmp9igPcHocY_kg:1vqqfD:jehN-2abCARCj73M7wNadTiLmaCYllZraArtHeOBxdQ", "expire_date": "2026-02-14T10:44:43.337Z"}}, {"model": "sessions.session", "pk": "bywaqzq4q26cc7awmtu8m8e47cu0s1iy", "fields": {"session_data": ".eJxVjEsOwjAMBe-SNYr6CanbJXvOEDm2QwMoqZpWAiHuDpW6gO2befNSDtdldGuR2UVWg2rV4XfzSDdJG-ArpkvWlNMyR683Re-06HNmuZ929y8wYhm_bzAoXVdbMSyIhkNLYLyxQLYWDz5gT95ygJ5DLYa4AZQjWbBNxYb7LVqklJiTk8cU56caqvcH2VNAeg:1vxecW:72fzUcmU-065GJig42_5NwH5AIHjrM9qij25vzatLnY", "expire_date": "2026-03-05T05:18:04.021Z"}}, {"model": "sessions.session", "pk": "cyj1roivryzz4xglsusr8ecjwrw8053e", "fields": {"session_data": ".eJxVjEEOgyAQRe_CujFqKaLL7nsGMswMSjXQACZtmt69mrhx-977_ytwYpzjWgy4wskscfRBDCWtfBEG1jKZNW_ckxjEVZyYBZw57IKeEMZYYQwleVvtSXXYXD0i8XI_2tPBBHna1loCd12jWBIDSHJX1NJKpVE1bLV10KNV5HRPrmGJ1GrgGyqt2pok9ftp5px9DIbfL58-Yqh_f20MSyM:1vxfiy:8D5TivHS7F0sVX0dmdy-ahYA0VeRixd_3gQ4XrQ_oso", "expire_date": "2026-03-05T06:28:48.994Z"}}, {"model": "sessions.session", "pk": "d48ezfjk9utq1k0in45i3992eiiz5tao", "fields": {"session_data": ".eJxVjEsOwjAMBe-SNYr6CanbJXvOEDm2QwMoqZpWAiHuDpW6gO2befNSDtdldGuR2UVWg2rV4XfzSDdJG-ArpkvWlNMyR683Re-06HNmuZ929y8wYhm_bzAoXVdbMSyIhkNLYLyxQLYWDz5gT95ygJ5DLYa4AZQjWbBNxYb7LVqklJiTk8cU56caqvcH2VNAeg:1vxgLb:gYIjkU1XywAH9ob8L7MoMnumhkicWTLv2C74-IrIPP0", "expire_date": "2026-03-05T07:08:43.968Z"}}, {"model": "sessions.session", "pk": "dnvjhg7lax0i1htkj9o5lv2se9fn4mqr", "fields": {"session_data": "e30:1vy7Zv:rNdN63QRR5AuJSPZYZoFVal1ZBHDi0Tuwx4QD_rrtUI", "expire_date": "2026-03-06T12:13:19.150Z"}}, {"model": "sessions.session", "pk": "du5o05bcsjt0t6dohv3trfx117lt1zl5", "fields": {"session_data": ".eJxVjs0OwiAQhN-FsyH0B1h79O4zkIVdBTXQlDbRGN9da3rQ63zfTOYpHC5zdEvlySUSg7Bi95t5DFfOK6AL5nORoeR5Sl6uitxolcdCfDts7t9AxBo_bezJNJ6ws_oERLhn1gg6eAYE1XswqAlNw2jbNjCBtsYAhK5XbbDd91XlWlPJju9jmh5iUK83yOU_sQ:1vyOV6:6mFLb9actyQaHYS_3jqShtFg0xCTCTubS4wArSCdMes", "expire_date": "2026-03-07T06:17:28.578Z"}}, {"model": "sessions.session", "pk": "dvlakzex7lzd85rsv75ibuhar2bporle", "fields": {"session_data": ".eJxVjEEOwiAQRe_C2pChpUi7dO8ZyMAMFjXQlDbRGO-uTbrQ7X_vv5dwuC6jWyvPLpEYhBKH381juHHeAF0xX4oMJS9z8nJT5E6rPBfi-2l3_wIj1vH71oa8YW8pdE3srD0CMKINGqjDoMgYwxpA9WB1g6RYcatj9G30Tc8Gt2jlWlPJjh9Tmp9igPcHocY_kg:1vqqnB:EFEIx-VkqIrpHCwXOPyZBJ_VStO-JsDNHoGoneZP-jw", "expire_date": "2026-02-14T10:52:57.197Z"}}, {"model": "sessions.session", "pk": "dzp97f5e51iraunkzacbz7ds2jg6d4l0", "fields": {"session_data": "e30:1vulpz:Az5GBqS256ffIL3taRPthSfI6JjuHrH1UghOTE8KCFE", "expire_date": "2026-02-25T06:24:03.791Z"}}, {"model": "sessions.session", "pk": "elmhspisrkubnae86ir7kqwoy32qv0b9", "fields": {"session_data": ".eJxVjEEOwiAQRe_C2pChpUi7dO8ZyMAMFjXQlDbRGO-uTbrQ7X_vv5dwuC6jWyvPLpEYhBKH381juHHeAF0xX4oMJS9z8nJT5E6rPBfi-2l3_wIj1vH71oa8YW8pdE3srD0CMKINGqjDoMgYwxpA9WB1g6RYcatj9G30Tc8Gt2jlWlPJjh9Tmp9igPcHocY_kg:1vtNNe:gr1vRePSt4XfVkfisa52Nh3jJCygpbBH1aA7Tzdu0QY", "expire_date": "2026-02-21T10:05:02.937Z"}}, {"model": "sessions.session", "pk": "ex2yk8gmlhf2hoyz6w2u12f34o67mc4q", "fields": {"session_data": "e30:1vy84x:9ttyrYvFvZd2-W3uUH-H7HvK-Dae_4jfTlQWpfP5Rg8", "expire_date": "2026-03-06T12:45:23.702Z"}}, {"model": "sessions.session", "pk": "fj09o3pnofa0o5549nq8lnb9fcf7ksz1", "fields": {"session_data": ".eJxVjEsOwjAMBe-SNYr6CanbJXvOEDm2QwMoqZpWAiHuDpW6gO2befNSDtdldGuR2UVWg2rV4XfzSDdJG-ArpkvWlNMyR683Re-06HNmuZ929y8wYhm_bzAoXVdbMSyIhkNLYLyxQLYWDz5gT95ygJ5DLYa4AZQjWbBNxYb7LVqklJiTk8cU56caqvcH2VNAeg:1vyNOo:GU5PtyWNF-cd11kga8fKwsu-EmxfXkFuY8YbnDDEtQQ", "expire_date": "2026-03-07T05:06:54.186Z"}}, {"model": "sessions.session", "pk": "g3ago8l09o44z0djrehl11wzmntbgagz", "fields": {"session_data": ".eJxVjEEOwiAQRe_C2pChpUi7dO8ZyMAMFjXQlDbRGO-uTbrQ7X_vv5dwuC6jWyvPLpEYhBKH381juHHeAF0xX4oMJS9z8nJT5E6rPBfi-2l3_wIj1vH71oa8YW8pdE3srD0CMKINGqjDoMgYwxpA9WB1g6RYcatj9G30Tc8Gt2jlWlPJjh9Tmp9igPcHocY_kg:1vqmPS:u1O4eycPHpcdCjSfWWGsVaDHU2P2ZqPff68iVxekjp8", "expire_date": "2026-02-14T06:12:10.725Z"}}, {"model": "sessions.session", "pk": "g6jrka3vu37hy3evg18jhefufo3qf2wg", "fields": {"session_data": "e30:1vy01H:-5U6Z9JXcy4Y7KkMpQcHoYdfWSnII-RDE4oNQgijbAo", "expire_date": "2026-03-06T04:09:03.425Z"}}, {"model": "sessions.session", "pk": "h2ni25qut7vgm5kpf3758c764dmjocma", "fields": {"session_data": ".eJxVjEEOwiAQRe_C2pChpUi7dO8ZyMAMFjXQlDbRGO-uTbrQ7X_vv5dwuC6jWyvPLpEYhBKH381juHHeAF0xX4oMJS9z8nJT5E6rPBfi-2l3_wIj1vH71oa8YW8pdE3srD0CMKINGqjDoMgYwxpA9WB1g6RYcatj9G30Tc8Gt2jlWlPJjh9Tmp9igPcHocY_kg:1vtNa7:kZ7SijORfoLHBjHB-ey66cD27yALfcvh5ehhdaA4XZ4", "expire_date": "2026-02-21T10:17:55.346Z"}}, {"model": "sessions.session", "pk": "htepmiq69glcqzhwn5kwioby9ug43wnm", "fields": {"session_data": ".eJxVjEEOwiAQRe_C2pChpUi7dO8ZyMAMFjXQlDbRGO-uTbrQ7X_vv5dwuC6jWyvPLpEYhBKH381juHHeAF0xX4oMJS9z8nJT5E6rPBfi-2l3_wIj1vH71oa8YW8pdE3srD0CMKINGqjDoMgYwxpA9WB1g6RYcatj9G30Tc8Gt2jlWlPJjh9Tmp9igPcHocY_kg:1vtP90:0Od3_JrPp35NuZ_5mBsMKFXdgoVDq28O3PGF1_6At4A", "expire_date": "2026-02-21T11:58:02.464Z"}}, {"model": "sessions.session", "pk": "ihdxpa0bykjm6041yhtw5l06257jgw41", "fields": {"session_data": ".eJxVjEEOwiAQRe_C2pChpUi7dO8ZyMAMFjXQlDbRGO-uTbrQ7X_vv5dwuC6jWyvPLpEYhBKH381juHHeAF0xX4oMJS9z8nJT5E6rPBfi-2l3_wIj1vH71oa8YW8pdE3srD0CMKINGqjDoMgYwxpA9WB1g6RYcatj9G30Tc8Gt2jlWlPJjh9Tmp9igPcHocY_kg:1vrtWm:VGOhKOeYxwtXpUxEzTwQOyvLLgKtn2UZy31bNADAby0", "expire_date": "2026-02-17T08:00:20.867Z"}}, {"model": "sessions.session", "pk": "ijk1s8gqutfa9glzfnptnr2s27ilcrhg", "fields": {"session_data": ".eJxVjEEOwiAQRe_C2pChpUi7dO8ZyMAMFjXQlDbRGO-uTbrQ7X_vv5dwuC6jWyvPLpEYhBKH381juHHeAF0xX4oMJS9z8nJT5E6rPBfi-2l3_wIj1vH71oa8YW8pdE3srD0CMKINGqjDoMgYwxpA9WB1g6RYcatj9G30Tc8Gt2jlWlPJjh9Tmp9igPcHocY_kg:1vrvSP:9SxVr9Sw4MoNYo8vfO5d60Awy8OVEvUB2Y4r5h9FKQM", "expire_date": "2026-02-17T10:03:57.412Z"}}, {"model": "sessions.session", "pk": "j36x69zce8cjca2p3ci3ueuivem1t7az", "fields": {"session_data": "e30:1vxeSL:H8ajcXKdiHBYmz2Lv3jyKIb7kWUQuP3TzGsvSl8UXoM", "expire_date": "2026-03-05T05:07:33.399Z"}}, {"model": "sessions.session", "pk": "j3zwxqnkx2ncco3c4ldgufjzheilhe0d", "fields": {"session_data": ".eJxVjEsOwjAMBe-SNYr6CanbJXvOEDm2QwMoqZpWAiHuDpW6gO2befNSDtdldGuR2UVWg2rV4XfzSDdJG-ArpkvWlNMyR683Re-06HNmuZ929y8wYhm_bzAoXVdbMSyIhkNLYLyxQLYWDz5gT95ygJ5DLYa4AZQjWbBNxYb7LVqklJiTk8cU56caqvcH2VNAeg:1vyPgd:8PVJZSogFlf3Pow-VgDYCWBwvIow2bpLyX2dpHZzbd0", "expire_date": "2026-03-07T07:33:27.932Z"}}, {"model": "sessions.session", "pk": "kpqfqwh6p2sx8qd5hl9r1ctlvye3pnic", "fields": {"session_data": ".eJxVjEsOwjAMBe-SNYr6CanbJXvOEDm2QwMoqZpWAiHuDpW6gO2befNSDtdldGuR2UVWg2rV4XfzSDdJG-ArpkvWlNMyR683Re-06HNmuZ929y8wYhm_bzAoXVdbMSyIhkNLYLyxQLYWDz5gT95ygJ5DLYa4AZQjWbBNxYb7LVqklJiTk8cU56caqvcH2VNAeg:1vyPd2:doF8Sy0MZxTfxfVQTlcX3lbQnFYo5uTV2QFWTR-o8vg", "expire_date": "2026-03-07T07:29:44.219Z"}}, {"model": "sessions.session", "pk": "kryl2jjtqb9q1wdwzes6ln6q61z7b0hm", "fields": {"session_data": ".eJxVjEEOwiAQRe_C2pChpUi7dO8ZyMAMFjXQlDbRGO-uTbrQ7X_vv5dwuC6jWyvPLpEYhBKH381juHHeAF0xX4oMJS9z8nJT5E6rPBfi-2l3_wIj1vH71oa8YW8pdE3srD0CMKINGqjDoMgYwxpA9WB1g6RYcatj9G30Tc8Gt2jlWlPJjh9Tmp9igPcHocY_kg:1vqmXA:AZoCr4v0wyUGqtsS7o-41CM_YUPsCUG7Yd-qANFoGiQ", "expire_date": "2026-02-14T06:20:08.871Z"}}, {"model": "sessions.session", "pk": "kws6h6kbkpj0w2h8sgmxrn0kn8itxk97", "fields": {"session_data": "e30:1vupY1:m4xrl5jUCGQbkjrwVrLdgJrwfDf9oN0F2cDzjlz5SaY", "expire_date": "2026-02-25T10:21:45.644Z"}}, {"model": "sessions.session", "pk": "l5y2i8kxf8e0ere11ngysjgo0rmy1p6p", "fields": {"session_data": ".eJxVjEsOwjAMBe-SNYr6CanbJXvOEDm2QwMoqZpWAiHuDpW6gO2befNSDtdldGuR2UVWg2rV4XfzSDdJG-ArpkvWlNMyR683Re-06HNmuZ929y8wYhm_bzAoXVdbMSyIhkNLYLyxQLYWDz5gT95ygJ5DLYa4AZQjWbBNxYb7LVqklJiTk8cU56caqvcH2VNAeg:1vxgEB:9fmSL-MUINSQyfMviPWmNFEI3dUm3P0n76maHM_gf6k", "expire_date": "2026-03-05T07:01:03.394Z"}}, {"model": "sessions.session", "pk": "l8730bzw3te2drlo8sqosur2dj7ud88m", "fields": {"session_data": ".eJxVjMEOwiAQBf-FsyFAS4EevfsNZFkWixowpU00xn_XJj3o9c28eTEP6zL5tdHsc2Qjk-zwuwXAK5UNxAuUc-VYyzLnwDeF77TxU410O-7uX2CCNn3fCaVC0BQwKWcGEoL6XqNMQ3KkyQUhbUc4qE6Aka63MqRoQehknRHKbNFGreVaPD3ueX6yUbw_oaY_Fg:1vqa7f:JhpEkExe00nWZKTvFZJjbZgCs8AuaOFKE_6C5gR7-Z4", "expire_date": "2026-02-13T17:04:59.379Z"}}, {"model": "sessions.session", "pk": "l8g7mk9fa42dddfv9nkgpz805lh2mz87", "fields": {"session_data": ".eJxVjEEOwiAQRe_C2pChpUi7dO8ZyMAMFjXQlDbRGO-uTbrQ7X_vv5dwuC6jWyvPLpEYhBKH381juHHeAF0xX4oMJS9z8nJT5E6rPBfi-2l3_wIj1vH71oa8YW8pdE3srD0CMKINGqjDoMgYwxpA9WB1g6RYcatj9G30Tc8Gt2jlWlPJjh9Tmp9igPcHocY_kg:1vrqYD:4u_71dW7QOzc9E_ZfYdjBETqx59PnoNcVOlb4q6OPE0", "expire_date": "2026-02-17T04:49:37.022Z"}}, {"model": "sessions.session", "pk": "lxkrqnohrm815mu3plqfkjo0cxegja1l", "fields": {"session_data": ".eJxVjEsOwjAMBe-SNYr6CanbJXvOEDm2QwMoqZpWAiHuDpW6gO2befNSDtdldGuR2UVWg2rV4XfzSDdJG-ArpkvWlNMyR683Re-06HNmuZ929y8wYhm_bzAoXVdbMSyIhkNLYLyxQLYWDz5gT95ygJ5DLYa4AZQjWbBNxYb7LVqklJiTk8cU56caqvcH2VNAeg:1vyPaa:O7WwHqjNmbz1cX1KIgNWtR12i-fPStMgZRN6fGwQaF0", "expire_date": "2026-03-07T07:27:12.506Z"}}, {"model": "sessions.session", "pk": "mqm16a5wv718ayn2ixjg7rqok0stimo0", "fields": {"session_data": "e30:1vupgg:8srXmtH29on7jPiRbJIVRDeriKJ2kA2xWMRRzLO43ks", "expire_date": "2026-02-25T10:30:42.763Z"}}, {"model": "sessions.session", "pk": "mt46psesc7sz71g64tph1ktrt6j1zgwb", "fields": {"session_data": ".eJxVjEEOwiAQRe_C2pChpUi7dO8ZyMAMFjXQlDbRGO-uTbrQ7X_vv5dwuC6jWyvPLpEYhBKH381juHHeAF0xX4oMJS9z8nJT5E6rPBfi-2l3_wIj1vH71oa8YW8pdE3srD0CMKINGqjDoMgYwxpA9WB1g6RYcatj9G30Tc8Gt2jlWlPJjh9Tmp9igPcHocY_kg:1vrtK9:YEiKktOYkjCqJ7SnfMxrCgvVq9hLBoeCQfUEfjgqqEM", "expire_date": "2026-02-17T07:47:17.385Z"}}, {"model": "sessions.session", "pk": "nsh2ae5dri2kym7y52esnrhe5i3cylm6", "fields": {"session_data": ".eJxVjEsOwjAMBe-SNYr6CanbJXvOEDm2QwMoqZpWAiHuDpW6gO2befNSDtdldGuR2UVWg2rV4XfzSDdJG-ArpkvWlNMyR683Re-06HNmuZ929y8wYhm_bzAoXVdbMSyIhkNLYLyxQLYWDz5gT95ygJ5DLYa4AZQjWbBNxYb7LVqklJiTk8cU56caqvcH2VNAeg:1vy6qU:WGgafUdymXnmJ7Tduqlfi6DWeUP8OG2YZsPL3rlp19U", "expire_date": "2026-03-06T11:26:22.528Z"}}, {"model": "sessions.session", "pk": "ofvzn6ul3g2aquz4x5avwos8cozlvpou", "fields": {"session_data": ".eJxVjEEOwiAQRe_C2pChpUi7dO8ZyMAMFjXQlDbRGO-uTbrQ7X_vv5dwuC6jWyvPLpEYhBKH381juHHeAF0xX4oMJS9z8nJT5E6rPBfi-2l3_wIj1vH71oa8YW8pdE3srD0CMKINGqjDoMgYwxpA9WB1g6RYcatj9G30Tc8Gt2jlWlPJjh9Tmp9igPcHocY_kg:1vruoz:lY6WzRkkW3mWkQ_fC1HtXtN5R4Sj_ZGBajVoxkZmI5w", "expire_date": "2026-02-17T09:23:13.465Z"}}, {"model": "sessions.session", "pk": "oxw60zm8i928sng1cwxi7nlf32bk3dkd", "fields": {"session_data": ".eJxVjEsOwjAMBe-SNYr6CanbJXvOEDm2QwMoqZpWAiHuDpW6gO2befNSDtdldGuR2UVWg2rV4XfzSDdJG-ArpkvWlNMyR683Re-06HNmuZ929y8wYhm_bzAoXVdbMSyIhkNLYLyxQLYWDz5gT95ygJ5DLYa4AZQjWbBNxYb7LVqklJiTk8cU56caqvcH2VNAeg:1vxfsX:DaCZ44hXbfnXncBhUfmAQj0xSjc83xsNm-YYUypuZhQ", "expire_date": "2026-03-05T06:38:41.786Z"}}, {"model": "sessions.session", "pk": "pw6c2wkbq2kxojpd0q9xx2uzn51b580e", "fields": {"session_data": "e30:1vunlN:Kn0EHDbtYqpQrq_-_n475QoXIwm0Z1CpEqdKgbAgJj0", "expire_date": "2026-02-25T08:27:25.896Z"}}, {"model": "sessions.session", "pk": "qidtbwkyzh2jofhe3kk9v7378oaxtvrn", "fields": {"session_data": "e30:1vuq2Y:WdULQJIusXzK3O24Wva454OTX61XEPXAmV2168kc35o", "expire_date": "2026-02-25T10:53:18.247Z"}}, {"model": "sessions.session", "pk": "qiyvgmug116ptjryxffcsmzi2zvssva1", "fields": {"session_data": "e30:1vy7uU:Z1rFy37FSngvKqlRrkVjp94IXpWP8GdwuYH_iM2uKmo", "expire_date": "2026-03-06T12:34:34.436Z"}}, {"model": "sessions.session", "pk": "qojwzw0f31qs6ooyumtm5r6xpyyx8yo6", "fields": {"session_data": ".eJxVjEEOwiAQRe_C2pChpUi7dO8ZyMAMFjXQlDbRGO-uTbrQ7X_vv5dwuC6jWyvPLpEYhBKH381juHHeAF0xX4oMJS9z8nJT5E6rPBfi-2l3_wIj1vH71oa8YW8pdE3srD0CMKINGqjDoMgYwxpA9WB1g6RYcatj9G30Tc8Gt2jlWlPJjh9Tmp9igPcHocY_kg:1vtMmJ:RxVtdGWEHS9tgPc2we0fijYWKY-B9mXJ-6pGmnn79IM", "expire_date": "2026-02-21T09:26:27.625Z"}}, {"model": "sessions.session", "pk": "qscgd5w65jwkddkh6i13f1ntpsfatj47", "fields": {"session_data": ".eJxVjEsOwjAMBe-SNYr6CanbJXvOEDm2QwMoqZpWAiHuDpW6gO2befNSDtdldGuR2UVWg2rV4XfzSDdJG-ArpkvWlNMyR683Re-06HNmuZ929y8wYhm_bzAoXVdbMSyIhkNLYLyxQLYWDz5gT95ygJ5DLYa4AZQjWbBNxYb7LVqklJiTk8cU56caqvcH2VNAeg:1vum96:xmJPIfXJp4o8nFjKf_dlS9CfyliiEsF0wq1YQsEMHzs", "expire_date": "2026-02-25T06:43:48.345Z"}}, {"model": "sessions.session", "pk": "qur4opouzfuiyjpi2nqox64tdljhynch", "fields": {"session_data": ".eJxVjDsOwjAQBe_iGlmJvwslPWew1rsLDiBbipMKcXeIlALaNzPvpRKuS0lrlzlNrE4qqsPvlpEeUjfAd6y3pqnVZZ6y3hS9064vjeV53t2_g4K9fGt0HMbMaKO_AjMeRTyCpyyAMLgMAT1jGAWjMSQMPoYAQNYNhqKN6v0BFY44dA:1vyOM6:8Ky1QIYH6RJE_hg_KLElSNApFuXoNcR4_nL2w2InHm4", "expire_date": "2026-03-07T06:08:10.924Z"}}, {"model": "sessions.session", "pk": "qxy4050dbwsnhueea6ds9v5gti44mn81", "fields": {"session_data": ".eJxVjEsOwjAMBe-SNYr6CanbJXvOEDm2QwMoqZpWAiHuDpW6gO2befNSDtdldGuR2UVWg2rV4XfzSDdJG-ArpkvWlNMyR683Re-06HNmuZ929y8wYhm_bzAoXVdbMSyIhkNLYLyxQLYWDz5gT95ygJ5DLYa4AZQjWbBNxYb7LVqklJiTk8cU56caqvcH2VNAeg:1vupVT:Y7EOoVgaa4qqV8JGQuLRGAYKygu3Uzcbco7prdACuCs", "expire_date": "2026-02-25T10:19:07.100Z"}}, {"model": "sessions.session", "pk": "r4lhn3z6kg07enrao2hb4ywfo2k1sb1q", "fields": {"session_data": ".eJxVjMEOwiAQBf-FsyFAS4EevfsNZFkWixowpU00xn_XJj3o9c28eTEP6zL5tdHsc2Qjk-zwuwXAK5UNxAuUc-VYyzLnwDeF77TxU410O-7uX2CCNn3fCaVC0BQwKWcGEoL6XqNMQ3KkyQUhbUc4qE6Aka63MqRoQehknRHKbNFGreVaPD3ueX6yUbw_oaY_Fg:1vqZhB:GWiRZ7Ie3rrLJzOlLrBcYmHYCzhIbt0W7EQYQYSG0LI", "expire_date": "2026-02-13T16:37:37.413Z"}}, {"model": "sessions.session", "pk": "r941axt3bu4agvqq9u7vgpvgl00zqm9t", "fields": {"session_data": "e30:1vunYs:YhPcGPDT1A_Qof-YD6Uiob9gAUvKd6beROoCQCiU_8w", "expire_date": "2026-02-25T08:14:30.062Z"}}, {"model": "sessions.session", "pk": "rtgsmalyt5ts346wb1g81tzgc3ecmaqg", "fields": {"session_data": ".eJxVjEEOgyAQRe_CujFqKaLL7nsGMswMSjXQACZtmt69mrhx-977_ytwYpzjWgy4wskscfRBDCWtfBEG1jKZNW_ckxjEVZyYBZw57IKeEMZYYQwleVvtSXXYXD0i8XI_2tPBBHna1loCd12jWBIDSHJX1NJKpVE1bLV10KNV5HRPrmGJ1GrgGyqt2pok9ftp5px9DIbfL58-Yqh_f20MSyM:1vy0Ew:5JnAEtoGdwWA7HKn27xQmQdnRKMUa6T9A6b8tAFSsXY", "expire_date": "2026-03-06T04:23:10.748Z"}}, {"model": "sessions.session", "pk": "slirrjqj9y089heix264fw8fpeukgqp9", "fields": {"session_data": "e30:1vxf9w:DBjMD0B0Rk1anYmLgIbfg30BGoJmqRVT_VsCEIkWVL4", "expire_date": "2026-03-05T05:52:36.367Z"}}, {"model": "sessions.session", "pk": "srzh6oxbsh9rkvu43yyapyhz3wgfa7l8", "fields": {"session_data": ".eJxVjMEOwiAQBf-FsyFAS4EevfsNZFkWixowpU00xn_XJj3o9c28eTEP6zL5tdHsc2Qjk-zwuwXAK5UNxAuUc-VYyzLnwDeF77TxU410O-7uX2CCNn3fCaVC0BQwKWcGEoL6XqNMQ3KkyQUhbUc4qE6Aka63MqRoQehknRHKbNFGreVaPD3ueX6yUbw_oaY_Fg:1vqZ0P:cQL-sV0EXMPlRue6lmV4Mg-jPKf3khzRqOsvXG0bhvA", "expire_date": "2026-02-13T15:53:25.804Z"}}, {"model": "sessions.session", "pk": "sv9w3vsgc3j8t1qz9hab0gvtvvnx5fea", "fields": {"session_data": "e30:1vxeq1:OGm-oS4GvawrWLQNF7z3RoOlmG6jV2nE1XvxB9WBBIU", "expire_date": "2026-03-05T05:32:01.264Z"}}, {"model": "sessions.session", "pk": "sw9le0ylzc4d3i95jlexw0vugs0q4k97", "fields": {"session_data": ".eJxVjMEOwiAQBf-FsyFAS4EevfsNZFkWixowpU00xn_XJj3o9c28eTEP6zL5tdHsc2Qjk-zwuwXAK5UNxAuUc-VYyzLnwDeF77TxU410O-7uX2CCNn3fCaVC0BQwKWcGEoL6XqNMQ3KkyQUhbUc4qE6Aka63MqRoQehknRHKbNFGreVaPD3ueX6yUbw_oaY_Fg:1vqZrb:2MooUpTQLFctEZhL_pL6BHGJI5G8E5i_Sl9_clQ3gMk", "expire_date": "2026-02-13T16:48:23.124Z"}}, {"model": "sessions.session", "pk": "t5uwu0m102jeflvjfogkpkky4tsrmw8b", "fields": {"session_data": "e30:1vyPsQ:FtYmSHNfPglbiRcfKGblIwNl9-9Y2UHJ7kYK-X7LRx0", "expire_date": "2026-03-07T07:45:38.231Z"}}, {"model": "sessions.session", "pk": "tqeolvfvlt89fv5htzrgk66pq31xip6b", "fields": {"session_data": ".eJxVjEEOwiAQRe_C2pChpUi7dO8ZyMAMFjXQlDbRGO-uTbrQ7X_vv5dwuC6jWyvPLpEYhBKH381juHHeAF0xX4oMJS9z8nJT5E6rPBfi-2l3_wIj1vH71oa8YW8pdE3srD0CMKINGqjDoMgYwxpA9WB1g6RYcatj9G30Tc8Gt2jlWlPJjh9Tmp9igPcHocY_kg:1vtNG1:QI-ENIeKGtc7qh56vpBx04VMJQruwuPONc2OGIV1a68", "expire_date": "2026-02-21T09:57:09.819Z"}}, {"model": "sessions.session", "pk": "ue4fb8t00323pvcxen6j58dlfpwau2r2", "fields": {"session_data": ".eJxVjEEOwiAQRe_C2pChpUi7dO8ZyMAMFjXQlDbRGO-uTbrQ7X_vv5dwuC6jWyvPLpEYhBKH381juHHeAF0xX4oMJS9z8nJT5E6rPBfi-2l3_wIj1vH71oa8YW8pdE3srD0CMKINGqjDoMgYwxpA9WB1g6RYcatj9G30Tc8Gt2jlWlPJjh9Tmp9igPcHocY_kg:1vuN7u:zF4wNbS9ho6qniqjl_IQsOOojglvUusnc0sJYS-kMcE", "expire_date": "2026-02-24T04:00:54.769Z"}}, {"model": "sessions.session", "pk": "ueblkjskck4390svr0mhr0qlnx5l7hcx", "fields": {"session_data": ".eJxVjEEOwiAQRe_C2pChpUi7dO8ZyMAMFjXQlDbRGO-uTbrQ7X_vv5dwuC6jWyvPLpEYhBKH381juHHeAF0xX4oMJS9z8nJT5E6rPBfi-2l3_wIj1vH71oa8YW8pdE3srD0CMKINGqjDoMgYwxpA9WB1g6RYcatj9G30Tc8Gt2jlWlPJjh9Tmp9igPcHocY_kg:1vrw5S:wfKeEtY2i3aO-tvczpgMGZl3yjlmBIwuHYpxOSoJ3xU", "expire_date": "2026-02-17T10:44:18.714Z"}}, {"model": "sessions.session", "pk": "uzel942rqcgzrc99vt9c380t5rhi5atr", "fields": {"session_data": ".eJxVjEEOwiAQRe_C2pChpUi7dO8ZyMAMFjXQlDbRGO-uTbrQ7X_vv5dwuC6jWyvPLpEYhBKH381juHHeAF0xX4oMJS9z8nJT5E6rPBfi-2l3_wIj1vH71oa8YW8pdE3srD0CMKINGqjDoMgYwxpA9WB1g6RYcatj9G30Tc8Gt2jlWlPJjh9Tmp9igPcHocY_kg:1vrsu3:oIgsnXXQ_3v3JWkzHW4tyBvSPHXy93L-QHCGJ0-Ywv0", "expire_date": "2026-02-17T07:20:19.532Z"}}, {"model": "sessions.session", "pk": "v493c9bpdxdm0cw2g92303oo8wihvb4x", "fields": {"session_data": ".eJxVjEEOwiAQRe_C2pChpUi7dO8ZyMAMFjXQlDbRGO-uTbrQ7X_vv5dwuC6jWyvPLpEYhBKH381juHHeAF0xX4oMJS9z8nJT5E6rPBfi-2l3_wIj1vH71oa8YW8pdE3srD0CMKINGqjDoMgYwxpA9WB1g6RYcatj9G30Tc8Gt2jlWlPJjh9Tmp9igPcHocY_kg:1vql9G:N4tGtoNoLcqRjx6nfLCJUlbXp_6yFnNGUm1qHOMSl4Q", "expire_date": "2026-02-14T04:51:22.459Z"}}, {"model": "sessions.session", "pk": "vg31so7o3hzcdg42scz99z14jkj7vdp5", "fields": {"session_data": ".eJxVjMEOwiAQBf-FsyFAS4EevfsNZFkWixowpU00xn_XJj3o9c28eTEP6zL5tdHsc2Qjk-zwuwXAK5UNxAuUc-VYyzLnwDeF77TxU410O-7uX2CCNn3fCaVC0BQwKWcGEoL6XqNMQ3KkyQUhbUc4qE6Aka63MqRoQehknRHKbNFGreVaPD3ueX6yUbw_oaY_Fg:1vqZeC:vRYpHbxGkDO5KqM48PaoIkAtGFr2dngfEEf0Z1FMFXA", "expire_date": "2026-02-13T16:34:32.399Z"}}, {"model": "sessions.session", "pk": "vjsmvut6h6g2xfphusnre3r40jow7gyw", "fields": {"session_data": ".eJxVjDsOwjAQBe_iGlkJ_sSmpOcM1q53FweQI8VJhbg7iZQC2jcz760SrEtJa-M5jaQuyqjT74aQn1x3QA-o90nnqS7ziHpX9EGbvk3Er-vh_h0UaGWrfYwBhAJ5IOOEQ98bn0UGpNh1lswZKDBltM6ZAEP0whaiIG6ui6I-XwYMOR4:1vqD0j:yMjTBJAdn8d0MTXE0Yfx9pLRuHEjFKsIENslx7oznp8", "expire_date": "2026-02-12T16:24:17.381Z"}}, {"model": "sessions.session", "pk": "w549h3ayjpyfcu2pnsacw3r6zjwtf5n4", "fields": {"session_data": "e30:1vy0Q4:W2vF4ZyY2KKu6iKsSJfD9Gxc71Zmgpxt1f0Ukif5ch0", "expire_date": "2026-03-06T04:34:40.437Z"}}, {"model": "sessions.session", "pk": "x97c8snsrac2yt7gw8bou6pcdmwtbrfc", "fields": {"session_data": ".eJxVjEEOwiAQRe_C2pChpUi7dO8ZyMAMFjXQlDbRGO-uTbrQ7X_vv5dwuC6jWyvPLpEYhBKH381juHHeAF0xX4oMJS9z8nJT5E6rPBfi-2l3_wIj1vH71oa8YW8pdE3srD0CMKINGqjDoMgYwxpA9WB1g6RYcatj9G30Tc8Gt2jlWlPJjh9Tmp9igPcHocY_kg:1vrutK:IzORhIDLCehW6rFxGf2CUq_8JUrSkwRDO-DuL1CauMk", "expire_date": "2026-02-17T09:27:42.598Z"}}, {"model": "sessions.session", "pk": "x995irqdljr0uzbum3ok98lfpe7j5k4r", "fields": {"session_data": ".eJxVjEsOwjAMBe-SNYr6CanbJXvOEDm2QwMoqZpWAiHuDpW6gO2befNSDtdldGuR2UVWg2rV4XfzSDdJG-ArpkvWlNMyR683Re-06HNmuZ929y8wYhm_bzAoXVdbMSyIhkNLYLyxQLYWDz5gT95ygJ5DLYa4AZQjWbBNxYb7LVqklJiTk8cU56caqvcH2VNAeg:1vvSh4:sdPeA3YY5r19Dy3WVH-dD2wnodvaWtURUQvhE0e3b8g", "expire_date": "2026-02-27T04:09:42.288Z"}}, {"model": "sessions.session", "pk": "xnf8khy0p2uzzr7olumssv1iwsc4t0q9", "fields": {"session_data": "e30:1vup7t:jxUiwjbZE2H8pCjSVL0JMKa90dfAAxDPR_dDWVBuTe0", "expire_date": "2026-02-25T09:54:45.467Z"}}, {"model": "sessions.session", "pk": "xprrh0qclldrx6cg3qcbquf2uml2t4y2", "fields": {"session_data": "e30:1vxeIt:GBrvAYtAwS-u-V1RPep_82uoIXvrzQFB6rgj_tFoHZY", "expire_date": "2026-03-05T04:57:47.224Z"}}, {"model": "sessions.session", "pk": "xseq494hbqnva072pmokgcbpg6ppqmge", "fields": {"session_data": "e30:1vvSTI:7T1azPZVf-cyR0FJ47fYPd8v3x6hUo65LlL90-BImwU", "expire_date": "2026-02-27T03:55:28.713Z"}}, {"model": "sessions.session", "pk": "y8qb4i11bkxar1onpq02eny22fvmtqla", "fields": {"session_data": ".eJxVjEEOwiAQRe_C2pChpUi7dO8ZyMAMFjXQlDbRGO-uTbrQ7X_vv5dwuC6jWyvPLpEYhBKH381juHHeAF0xX4oMJS9z8nJT5E6rPBfi-2l3_wIj1vH71oa8YW8pdE3srD0CMKINGqjDoMgYwxpA9WB1g6RYcatj9G30Tc8Gt2jlWlPJjh9Tmp9igPcHocY_kg:1vrvYK:g4JLyReADIWJn9a4E-xfNqrS7MTqYSHjMz9fRat9qdM", "expire_date": "2026-02-17T10:10:04.968Z"}}, {"model": "sessions.session", "pk": "yd7iap8if4qny2te8e3tfkkevai8ygpi", "fields": {"session_data": ".eJxVjEEOwiAQRe_C2pChpUi7dO8ZyMAMFjXQlDbRGO-uTbrQ7X_vv5dwuC6jWyvPLpEYhBKH381juHHeAF0xX4oMJS9z8nJT5E6rPBfi-2l3_wIj1vH71oa8YW8pdE3srD0CMKINGqjDoMgYwxpA9WB1g6RYcatj9G30Tc8Gt2jlWlPJjh9Tmp9igPcHocY_kg:1vrqrk:iIQSWKvugnwzqvQR9Dlc4yK3j7_1q6r_XIxiULYi6go", "expire_date": "2026-02-17T05:09:48.471Z"}}, {"model": "sessions.session", "pk": "yhzzr47m1h4rg4y8knpbgekej8hhvb93", "fields": {"session_data": ".eJxVjEEOwiAQRe_C2pChpUi7dO8ZyMAMFjXQlDbRGO-uTbrQ7X_vv5dwuC6jWyvPLpEYhBKH381juHHeAF0xX4oMJS9z8nJT5E6rPBfi-2l3_wIj1vH71oa8YW8pdE3srD0CMKINGqjDoMgYwxpA9WB1g6RYcatj9G30Tc8Gt2jlWlPJjh9Tmp9igPcHocY_kg:1vrw3Q:9V7aiukMMHj9TlatzVzfvsa3JdJRs_gKSzAz9yiDK6Q", "expire_date": "2026-02-17T10:42:12.383Z"}}, {"model": "sessions.session", "pk": "yxtgod4f5wicaedbotn1xt71hctuxcfv", "fields": {"session_data": ".eJxVjEEOwiAQRe_C2pChpUi7dO8ZyMAMFjXQlDbRGO-uTbrQ7X_vv5dwuC6jWyvPLpEYhBKH381juHHeAF0xX4oMJS9z8nJT5E6rPBfi-2l3_wIj1vH71oa8YW8pdE3srD0CMKINGqjDoMgYwxpA9WB1g6RYcatj9G30Tc8Gt2jlWlPJjh9Tmp9igPcHocY_kg:1vrvvk:jyfn18OfIcDw8cTuvO4bo5vLWnFfWIiE0qVFQTk3d8U", "expire_date": "2026-02-17T10:34:16.058Z"}}, {"model": "sessions.session", "pk": "z5yygw6h18j58uo789mlcpsuboe01ljb", "fields": {"session_data": "e30:1vunns:uinvPkFHwPoF0MnjQAxkatZTBnxQcNs9CRGQcY1qYD8", "expire_date": "2026-02-25T08:30:00.492Z"}}, {"model": "sessions.session", "pk": "zfltrtoxqtqy3k8gky5j1w08cfb13ski", "fields": {"session_data": ".eJxVjMEOwiAQBf-FsyFAS4EevfsNZFkWixowpU00xn_XJj3o9c28eTEP6zL5tdHsc2Qjk-zwuwXAK5UNxAuUc-VYyzLnwDeF77TxU410O-7uX2CCNn3fCaVC0BQwKWcGEoL6XqNMQ3KkyQUhbUc4qE6Aka63MqRoQehknRHKbNFGreVaPD3ueX6yUbw_oaY_Fg:1vqZoV:tg4muhCoE-d2DjycjCS4NB2UktP3Z_z-PZvBF8URh_Y", "expire_date": "2026-02-13T16:45:11.091Z"}}, {"model": "sessions.session", "pk": "zwowa1xp2p9o76pdm2li1i24r3ezy59s", "fields": {"session_data": ".eJxVjEsOwjAMBe-SNYr6CanbJXvOEDm2QwMoqZpWAiHuDpW6gO2befNSDtdldGuR2UVWg2rV4XfzSDdJG-ArpkvWlNMyR683Re-06HNmuZ929y8wYhm_bzAoXVdbMSyIhkNLYLyxQLYWDz5gT95ygJ5DLYa4AZQjWbBNxYb7LVqklJiTk8cU56caqvcH2VNAeg:1vxdkl:Ha-PIluZGm8r_Gr61zjtVVs6f5gfAegITLqjJlxWbxg", "expire_date": "2026-03-05T04:22:31.325Z"}}, {"model": "accounts.roles", "pk": 1, "fields": {"role_name": "Admin", "role_disc": "System Administrator with full access", "role_type": "SYSTEM", "created_at": "2026-02-11T21:41:56Z", "updated_at": "2026-02-11T21:41:56Z", "created_by": "system", "updated_by": "system"}}, {"model": "accounts.roles", "pk": 2, "fields": {"role_name": "Customer", "role_disc": "End user with limited access", "role_type": "USER", "created_at": "2026-02-11T21:41:56Z", "updated_at": "2026-02-11T21:41:56Z", "created_by": "system", "updated_by": "system"}}, {"model": "masters.occasion", "pk": 1, "fields": {"name": "Birthday", "slug": "birthday", "icon": null, "is_active": 1, "created_at": "2026-02-12T21:44:05Z", "updated_at": "2026-02-12T21:44:05Z"}}, {"model": "masters.occasion", "pk": 2, "fields": {"name": "Anniversary", "slug": "anniversary", "icon": null, "is_active": 1, "created_at": "2026-02-12T21:44:05Z", "updated_at": "2026-02-12T21:44:05Z"}}, {"model": "masters.occasion", "pk": 3, "fields": {"name": "Love & Romance", "slug": "love-romance", "icon": null, "is_active": 1, "created_at": "2026-02-12T21:44:05Z", "updated_at": "2026-02-12T21:44:05Z"}}, {"model": "masters.occasion", "pk": 4, "fields": {"name": "Valentine's Day", "slug": "valentines-day", "icon": null, "is_active": 1, "created_at": "2026-02-12T21:44:05Z", "updated_at": "2026-02-12T21:44:05Z"}}, {"model": "masters.occasion", "pk": 5, "fields": {"name": "Congratulations", "slug": "congratulations", "icon": null, "is_active": 1, "created_at": "2026-02-12T21:44:05Z", "updated_at": "2026-02-12T21:44:05Z"}}, {"model": "masters.occasion", "pk": 6, "fields": {"name": "Wedding", "slug": "wedding", "icon": null, "is_active": 1, "created_at": "2026-02-12T21:44:05Z", "updated_at": "2026-02-12T21:44:05Z"}}, {"model": "masters.occasion", "pk": 7, "fields": {"name": "New Baby", "slug": "new-baby", "icon": null, "is_active": 1, "created_at": "2026-02-12T21:44:05Z", "updated_at": "2026-02-12T21:44:05Z"}}, {"model": "masters.occasion", "pk": 8, "fields": {"name": "Thank You", "slug": "thank-you", "icon": null, "is_active": 1, "created_at": "2026-02-12T21:44:05Z", "updated_at": "2026-02-12T21:44:05Z"}}, {"model": "masters.occasion", "pk": 9, "fields": {"name": "Get Well Soon", "slug": "get-well-soon", "icon": null, "is_active": 1, "created_at": "2026-02-12T21:44:05Z", "updated_at": "2026-02-12T21:44:05Z"}}, {"model": "masters.occasion", "pk": 10, "fields": {"name": "Housewarming", "slug": "housewarming", "icon": null, "is_active": 1, "created_at": "2026-02-12T21:44:05Z", "updated_at": "2026-02-12T21:44:05Z"}}, {"model": "masters.occasion", "pk": 11, "fields": {"name": "Sorry", "slug": "sorry", "icon": null, "is_active": 1, "created_at": "2026-02-12T21:44:05Z", "updated_at": "2026-02-12T21:44:05Z"}}, {"model": "masters.occasion", "pk": 12, "fields": {"name": "Thinking of You", "slug": "thinking-of-you", "icon": null, "is_active": 1, "created_at": "2026-02-12T21:44:05Z", "updated_at": "2026-02-12T21:44:05Z"}}, {"model": "masters.occasion", "pk": 13, "fields": {"name": "Sympathy & Condolences", "slug": "sympathy", "icon": null, "is_active": 1, "created_at": "2026-02-12T21:44:05Z", "updated_at": "2026-02-12T21:44:05Z"}}, {"model": "masters.bouquet", "pk": 1, "fields": {"name": "Eternal Red Rosee", "slug": "eternal-red-rosee", "short_description": "Classic red roses arranged elegantly", "description": "<b>A stunning arrangement of 24 long-stemmed red roses, carefully hand-picked and arranged to create a timeless expression of love. Each rose is carefully selected for its beauty and freshness, ensuring your message of love is delivered with elegance and passion.</b>", "price": "2499.00", "discount_price": "1999.20", "discount_percent": 20, "instruction_text": "Keep in cool place. Fresh flowers last 5-7 days with proper care.", "delivery_info": "Free delivery in select areas. Same day delivery available before 4 PM.", "same_day_available": 1, "is_featured": 1, "is_active": 1, "created_at": "2026-02-20T17:23:38Z", "updated_at": "2026-02-20T12:34:02.436Z"}}, {"model": "masters.bouquet", "pk": 2, "fields": {"name": "Sunshine Yellow Tulips", "slug": "sunshine-yellow-tulips", "short_description": "Bright yellow tulips to light up their day", "description": "A cheerful bouquet of 20 fresh yellow tulips that bring sunshine and happiness to any room. These Dutch tulips are known for their vibrant color and elegant shape, making them perfect for birthdays, get-well wishes, or just to brighten someone's day.", "price": "1899.00", "discount_price": "1599.00", "discount_percent": 15, "instruction_text": "Trim stems at 45-degree angle and change water every 2 days.", "delivery_info": "Free delivery. Available for same-day delivery.", "same_day_available": 1, "is_featured": 1, "is_active": 1, "created_at": "2026-02-20T17:23:38Z", "updated_at": "2026-02-20T17:23:38Z"}}, {"model": "masters.bouquet", "pk": 3, "fields": {"name": "Pink Paradise", "slug": "pink-paradise", "short_description": "Mixed pink roses and carnations", "description": "A beautiful combination of pink roses, carnations, and lilies creating a soft and romantic arrangement. Perfect for anniversaries, birthdays, or just to show you care. The gentle pink hues convey affection and admiration.", "price": "2199.00", "discount_price": "1899.00", "discount_percent": 15, "instruction_text": "Mist flowers gently with water to keep fresh.", "delivery_info": "Delivery available all days. Order before 2 PM for same day.", "same_day_available": 1, "is_featured": 1, "is_active": 1, "created_at": "2026-02-20T17:23:38Z", "updated_at": "2026-02-20T17:23:38Z"}}, {"model": "masters.bouquet", "pk": 4, "fields": {"name": "Purple Elegance", "slug": "purple-elegance", "short_description": "Lavender and purple orchid arrangement", "description": "An exotic arrangement featuring purple orchids, lavender, and complementary foliage. This sophisticated bouquet is perfect for formal occasions, anniversaries, or when you want to make a truly memorable impression.", "price": "3299.00", "discount_price": "2799.00", "discount_percent": 15, "instruction_text": "Orchids require minimal water. Avoid direct sunlight.", "delivery_info": "Premium delivery included. Gift wrapping available.", "same_day_available": 1, "is_featured": 1, "is_active": 1, "created_at": "2026-02-20T17:23:38Z", "updated_at": "2026-02-20T17:23:38Z"}}, {"model": "masters.bouquet", "pk": 5, "fields": {"name": "Mixed Summer Blooms", "slug": "mixed-summer-blooms", "short_description": "Assorted seasonal flowers", "description": "A vibrant mix of seasonal flowers including gerberas, lilies, and chrysanthemums in assorted colors. This bouquet brings the freshness of summer to any home and is perfect for any happy occasion.", "price": "1799.00", "discount_price": "1499.00", "discount_percent": 17, "instruction_text": "Remove leaves below water line to keep water clean.", "delivery_info": "Free delivery within city limits.", "same_day_available": 1, "is_featured": 1, "is_active": 1, "created_at": "2026-02-20T17:23:38Z", "updated_at": "2026-02-20T17:23:38Z"}}, {"model": "masters.bouquet", "pk": 6, "fields": {"name": "White Wedding", "slug": "white-wedding", "short_description": "Elegant white flowers for special moments", "description": "A pristine arrangement of white roses, calla lilies, and baby's breath. Perfect for weddings, anniversaries, or as a sophisticated gift. The all-white palette symbolizes purity, elegance, and new beginnings.", "price": "3999.00", "discount_price": "3499.00", "discount_percent": 12, "instruction_text": "Keep away from direct sunlight and drafts.", "delivery_info": "Special handling and delivery included.", "same_day_available": 1, "is_featured": 1, "is_active": 1, "created_at": "2026-02-20T17:23:38Z", "updated_at": "2026-02-20T17:23:38Z"}}, {"model": "masters.bouquet", "pk": 7, "fields": {"name": "Rainbow Mix", "slug": "rainbow-mix", "short_description": "Colorful mix of assorted flowers", "description": "A joyful explosion of colors with gerberas, carnations, and roses in every shade of the rainbow. This cheerful arrangement is guaranteed to bring a smile to anyone's face and is perfect for birthdays, celebrations, or just because.", "price": "2099.00", "discount_price": "1799.00", "discount_percent": 15, "instruction_text": "Change water daily for longest life.", "delivery_info": "Same day delivery available.", "same_day_available": 1, "is_featured": 1, "is_active": 1, "created_at": "2026-02-20T17:23:38Z", "updated_at": "2026-02-20T17:23:38Z"}}, {"model": "masters.bouquet", "pk": 8, "fields": {"name": "Luxury Red Velvet", "slug": "luxury-red-velvet", "short_description": "Premium red roses with velvet finish", "description": "Our most luxurious red rose arrangement featuring 36 premium red roses with a velvet-like finish. Each rose is hand-selected for perfection and arranged in a beautiful keepsake box. The ultimate expression of love and passion.", "price": "4999.00", "discount_price": "4499.00", "discount_percent": 10, "instruction_text": "Comes with premium flower food. Follow instructions on packet.", "delivery_info": "White glove delivery service. Recipient signature required.", "same_day_available": 1, "is_featured": 1, "is_active": 1, "created_at": "2026-02-20T17:23:38Z", "updated_at": "2026-02-20T17:23:38Z"}}, {"model": "masters.bouquet", "pk": 9, "fields": {"name": "Spring Daffodils", "slug": "spring-daffodils", "short_description": "Fresh yellow daffodils", "description": "A cheerful bunch of 15 fresh yellow daffodils that herald the arrival of spring. These beautiful flowers symbolize new beginnings and are perfect for birthdays, get-well wishes, or simply to brighten someone's home.", "price": "1499.00", "discount_price": "1299.00", "discount_percent": 13, "instruction_text": "Daffodils release sap that is harmful to other flowers. Best arranged alone.", "delivery_info": "Free delivery. Available in select areas.", "same_day_available": 1, "is_featured": 0, "is_active": 1, "created_at": "2026-02-20T17:23:38Z", "updated_at": "2026-02-20T17:23:38Z"}}, {"model": "masters.bouquet", "pk": 10, "fields": {"name": "Orchid Delight", "slug": "orchid-delight", "short_description": "Exotic phalaenopsis orchid", "description": "A single stunning phalaenopsis orchid plant in a decorative ceramic pot. These long-lasting orchids bloom for weeks and make an elegant gift for any occasion. Low maintenance and perfect for home or office.", "price": "2599.00", "discount_price": "2299.00", "discount_percent": 12, "instruction_text": "Water once a week with 3 ice cubes. Keep in indirect light.", "delivery_info": "Delivered in protective packaging.", "same_day_available": 1, "is_featured": 1, "is_active": 1, "created_at": "2026-02-20T17:23:38Z", "updated_at": "2026-02-20T17:23:38Z"}}, {"model": "masters.bouquet", "pk": 11, "fields": {"name": "Birthday Bash", "slug": "birthday-bash", "short_description": "Celebratory mixed bouquet", "description": "A festive arrangement designed especially for birthdays! Featuring bright gerberas, cheerful sunflowers, and colorful carnations, this bouquet is guaranteed to make the birthday person feel special and celebrated.", "price": "2299.00", "discount_price": "1999.00", "discount_percent": 13, "instruction_text": "Includes a free birthday card with your personalized message.", "delivery_info": "Gift wrapping included. Same day delivery available.", "same_day_available": 1, "is_featured": 1, "is_active": 1, "created_at": "2026-02-20T17:23:38Z", "updated_at": "2026-02-20T17:23:38Z"}}, {"model": "masters.bouquet", "pk": 12, "fields": {"name": "Anniversary Bliss", "slug": "anniversary-bliss", "short_description": "Romantic red and white roses", "description": "Celebrate your love with this romantic arrangement of 18 red and white roses. The combination symbolizes unity and lasting love, making it the perfect anniversary gift. Presented in elegant wrapping with a special card.", "price": "2799.00", "discount_price": "2399.00", "discount_percent": 14, "instruction_text": "Flowers come with preservative sachet. Mix in water.", "delivery_info": "Special anniversary packaging available.", "same_day_available": 1, "is_featured": 1, "is_active": 1, "created_at": "2026-02-20T17:23:38Z", "updated_at": "2026-02-20T17:23:38Z"}}, {"model": "masters.bouquet", "pk": 13, "fields": {"name": "Get Well Wishes", "slug": "get-well-wishes", "short_description": "Cheerful get-well bouquet", "description": "Brighten their recovery with this cheerful arrangement of yellow roses, daisies, and carnations. The vibrant colors and fresh fragrance are sure to lift spirits and speed recovery. A thoughtful way to show you care.", "price": "1699.00", "discount_price": "1399.00", "discount_percent": 18, "instruction_text": "Remove from packaging immediately and place in water.", "delivery_info": "Free delivery to hospitals.", "same_day_available": 1, "is_featured": 0, "is_active": 1, "created_at": "2026-02-20T17:23:38Z", "updated_at": "2026-02-20T17:23:38Z"}}, {"model": "masters.bouquet", "pk": 14, "fields": {"name": "Thank You Blooms", "slug": "thank-you-blooms", "short_description": "Elegant thank you arrangement", "description": "Express your gratitude with this elegant arrangement of lilies, roses, and orchids in soft pastel shades. A sophisticated way to say thank you for their kindness, hospitality, or support.", "price": "2399.00", "discount_price": "2099.00", "discount_percent": 12, "instruction_text": "Includes flower food. Change water every 2-3 days.", "delivery_info": "Complimentary thank you card included.", "same_day_available": 1, "is_featured": 0, "is_active": 1, "created_at": "2026-02-20T17:23:38Z", "updated_at": "2026-02-20T17:23:38Z"}}, {"model": "masters.bouquet", "pk": 15, "fields": {"name": "Sympathy Tribute", "slug": "sympathy-tribute", "short_description": "Respectful white flower arrangement", "description": "A dignified arrangement of white lilies, roses, and chrysanthemums to express your condolences. The serene white flowers convey peace and sympathy during difficult times. Delivered with a heartfelt message card.", "price": "3499.00", "discount_price": "2999.00", "discount_percent": 14, "instruction_text": "Handled with special care. Please specify delivery date.", "delivery_info": "Priority handling for funeral arrangements.", "same_day_available": 1, "is_featured": 0, "is_active": 1, "created_at": "2026-02-20T17:23:38Z", "updated_at": "2026-02-20T17:23:38Z"}}, {"model": "masters.bouquet", "pk": 16, "fields": {"name": "Congratulations Graduate", "slug": "congratulations-graduate", "short_description": "Celebratory graduation bouquet", "description": "Celebrate their achievement with this vibrant bouquet featuring sunflowers, roses, and colorful gerberas. Perfect for graduation, new job, or any achievement worth celebrating. Comes with a congratulatory card.", "price": "2199.00", "discount_price": "1899.00", "discount_percent": 14, "instruction_text": "Fresh flowers guaranteed for event.", "delivery_info": "Graduation themed wrapping available.", "same_day_available": 1, "is_featured": 1, "is_active": 1, "created_at": "2026-02-20T17:23:38Z", "updated_at": "2026-02-20T17:23:38Z"}}, {"model": "masters.bouquet", "pk": 17, "fields": {"name": "New Baby Boy", "slug": "new-baby-boy", "short_description": "Sweet blue themed bouquet", "description": "Welcome the new arrival with this adorable blue-themed bouquet featuring white roses, blue delphiniums, and baby's breath. A perfect gift for new parents to celebrate their baby boy.", "price": "1999.00", "discount_price": "1699.00", "discount_percent": 15, "instruction_text": "Safe for nursery. Non-toxic flowers only.", "delivery_info": "Comes with a cute teddy bear.", "same_day_available": 1, "is_featured": 0, "is_active": 1, "created_at": "2026-02-20T17:23:38Z", "updated_at": "2026-02-20T17:23:38Z"}}, {"model": "masters.bouquet", "pk": 18, "fields": {"name": "New Baby Girl", "slug": "new-baby-girl", "short_description": "Pretty pink themed bouquet", "description": "Celebrate the arrival of a baby girl with this lovely pink arrangement of roses, carnations, and pink lilies. Adorable and heartwarming, this bouquet is sure to delight new parents.", "price": "1999.00", "discount_price": "1699.00", "discount_percent": 15, "instruction_text": "Flowers are baby-safe and non-toxic.", "delivery_info": "Includes a small plush toy.", "same_day_available": 1, "is_featured": 0, "is_active": 1, "created_at": "2026-02-20T17:23:38Z", "updated_at": "2026-02-20T17:23:38Z"}}, {"model": "masters.bouquet", "pk": 19, "fields": {"name": "Love You Mum", "slug": "love-you-mum", "short_description": "Mother's Day special bouquet", "description": "Show Mom how much you care with this beautiful arrangement of her favorite flowers. Featuring roses, lilies, and carnations in soft pink and white hues, this bouquet is perfect for Mother's Day or any day.", "price": "2499.00", "discount_price": "2199.00", "discount_percent": 12, "instruction_text": "Includes special Mother's Day card.", "delivery_info": "Premium gift wrapping included.", "same_day_available": 1, "is_featured": 1, "is_active": 1, "created_at": "2026-02-20T17:23:38Z", "updated_at": "2026-02-20T17:23:38Z"}}, {"model": "masters.bouquet", "pk": 20, "fields": {"name": "I'm Sorry", "slug": "im-sorry", "short_description": "Apology flower arrangement", "description": "Make amends with this sincere arrangement of white and pink roses, symbolizing forgiveness and hope. Sometimes flowers can say what words cannot. Let this beautiful bouquet help you mend fences.", "price": "2299.00", "discount_price": "1999.00", "discount_percent": 13, "instruction_text": "Hand-delivered with a personalized apology card.", "delivery_info": "Discreet delivery available.", "same_day_available": 1, "is_featured": 0, "is_active": 1, "created_at": "2026-02-20T17:23:38Z", "updated_at": "2026-02-20T17:23:38Z"}}, {"model": "masters.bouquet", "pk": 21, "fields": {"name": "Thinking of You", "slug": "thinking-of-you", "short_description": "Just because bouquet", "description": "Let someone know they're on your mind with this thoughtful mix of pastel roses, lilies, and seasonal flowers. Perfect for no special reason except to make someone smile.", "price": "1899.00", "discount_price": "1599.00", "discount_percent": 16, "instruction_text": "Fresh flowers arranged daily.", "delivery_info": "Free delivery with tracking.", "same_day_available": 1, "is_featured": 0, "is_active": 1, "created_at": "2026-02-20T17:23:38Z", "updated_at": "2026-02-20T17:23:38Z"}}, {"model": "masters.bouquet", "pk": 22, "fields": {"name": "Valentine's Special", "slug": "valentines-special", "short_description": "Romantic Valentine's Day bouquet", "description": "The ultimate Valentine's Day gift! A passionate arrangement of 30 red roses with baby's breath and festive foliage. Wrapped in romantic red and pink tissue paper, complete with a love message card.", "price": "3599.00", "discount_price": "2999.00", "discount_percent": 17, "instruction_text": "Order early for Valentine's Day delivery.", "delivery_info": "Special Valentine's packaging.", "same_day_available": 1, "is_featured": 1, "is_active": 1, "created_at": "2026-02-20T17:23:38Z", "updated_at": "2026-02-20T17:23:38Z"}}, {"model": "masters.bouquet", "pk": 23, "fields": {"name": "Housewarming Joy", "slug": "housewarming-joy", "short_description": "New home celebration bouquet", "description": "Congratulate them on their new home with this warm and welcoming arrangement of sunflowers, roses, and bright gerberas. A perfect housewarming gift that brings life and color to any new space.", "price": "2099.00", "discount_price": "1799.00", "discount_percent": 14, "instruction_text": "Long-lasting flowers ideal for home.", "delivery_info": "Comes with a \"Welcome Home\" card.", "same_day_available": 1, "is_featured": 0, "is_active": 1, "created_at": "2026-02-20T17:23:38Z", "updated_at": "2026-02-20T17:23:38Z"}}, {"model": "masters.bouquet", "pk": 24, "fields": {"name": "Retirement Blessings", "slug": "retirement-blessings", "short_description": "Happy retirement flower arrangement", "description": "Celebrate their well-deserved retirement with this elegant arrangement of orchids, lilies, and roses in gold and white tones. A sophisticated gift for a new chapter in life.", "price": "2799.00", "discount_price": "2499.00", "discount_percent": 11, "instruction_text": "Premium long-lasting orchids.", "delivery_info": "Retirement card included.", "same_day_available": 1, "is_featured": 0, "is_active": 1, "created_at": "2026-02-20T17:23:38Z", "updated_at": "2026-02-20T17:23:38Z"}}, {"model": "masters.bouquet", "pk": 25, "fields": {"name": "Corporate Elegance", "slug": "corporate-elegance", "short_description": "Professional office arrangement", "description": "A sophisticated arrangement perfect for corporate gifting or office reception. Featuring elegant white orchids, anthuriums, and modern foliage in a sleek ceramic container. Makes a lasting impression.", "price": "3299.00", "discount_price": "2899.00", "discount_percent": 12, "instruction_text": "Low maintenance office-friendly arrangement.", "delivery_info": "Corporate billing available.", "same_day_available": 1, "is_featured": 0, "is_active": 1, "created_at": "2026-02-20T17:23:38Z", "updated_at": "2026-02-20T17:23:38Z"}}, {"model": "masters.bouquet", "pk": 26, "fields": {"name": "Tropical Paradise", "slug": "tropical-paradise", "short_description": "Exotic tropical flowers", "description": "Bring the tropics home with this exotic arrangement of birds of paradise, heliconia, and ginger flowers. A stunning centerpiece that transports you to a tropical paradise. Perfect for destination-themed parties.", "price": "3799.00", "discount_price": "3299.00", "discount_percent": 13, "instruction_text": "Keep in warm environment. Mist regularly.", "delivery_info": "Special handling for tropical flowers.", "same_day_available": 1, "is_featured": 1, "is_active": 1, "created_at": "2026-02-20T17:23:38Z", "updated_at": "2026-02-20T17:23:38Z"}}, {"model": "masters.bouquet", "pk": 27, "fields": {"name": "Rustic Charm", "slug": "rustic-charm", "short_description": "Country style wildflower bouquet", "description": "A charming bouquet of wildflowers and garden roses in a rustic burlap wrap. Perfect for country weddings, farmhouse decor, or anyone who loves the simple beauty of nature.", "price": "1699.00", "discount_price": "1399.00", "discount_percent": 18, "instruction_text": "Dried naturally for extended beauty.", "delivery_info": "Rustic burlap wrapping included.", "same_day_available": 1, "is_featured": 0, "is_active": 1, "created_at": "2026-02-20T17:23:38Z", "updated_at": "2026-02-20T17:23:38Z"}}, {"model": "masters.bouquet", "pk": 28, "fields": {"name": "Modern Minimalist", "slug": "modern-minimalist", "short_description": "Simple elegant single stem", "description": "Sometimes less is more. A single stunning calla lily or orchid stem in a minimalist glass vase. Contemporary, chic, and perfect for modern spaces. Available in various colors.", "price": "1299.00", "discount_price": "999.00", "discount_percent": 23, "instruction_text": "Easy care. Just add water.", "delivery_info": "Sleek modern packaging.", "same_day_available": 1, "is_featured": 0, "is_active": 1, "created_at": "2026-02-20T17:23:38Z", "updated_at": "2026-02-20T17:23:38Z"}}, {"model": "masters.bouquet", "pk": 29, "fields": {"name": "Sweetheart Roses", "slug": "sweetheart-roses", "short_description": "12 red roses in heart shape", "description": "A dozen red roses arranged in a beautiful heart shape, expressing your love in the most romantic way. Presented in a special heart-shaped box with a love note. Perfect for proposals or anniversaries.", "price": "2999.00", "discount_price": "2599.00", "discount_percent": 13, "instruction_text": "Preserved roses last up to a year.", "delivery_info": "Heart-shaped keepsake box included.", "same_day_available": 1, "is_featured": 1, "is_active": 1, "created_at": "2026-02-20T17:23:38Z", "updated_at": "2026-02-20T17:23:38Z"}}, {"model": "masters.bouquet", "pk": 30, "fields": {"name": "Birthday Surprise", "slug": "birthday-surprise", "short_description": "Birthday flower and gift combo", "description": "The ultimate birthday surprise! A beautiful bouquet of birthday flowers paired with a box of chocolates and a birthday balloon. Everything you need to make their day special.", "price": "2799.00", "discount_price": "2399.00", "discount_percent": 14, "instruction_text": "Chocolates may melt in hot weather.", "delivery_info": "Birthday wrapping included.", "same_day_available": 1, "is_featured": 1, "is_active": 1, "created_at": "2026-02-20T17:23:38Z", "updated_at": "2026-02-20T17:23:38Z"}}, {"model": "masters.bouquet", "pk": 31, "fields": {"name": "Anniversary Gold", "slug": "anniversary-gold", "short_description": "Golden themed 50th anniversary", "description": "Celebrate 50 years of love with this golden-themed arrangement featuring yellow roses, golden chrysanthemums, and gold-painted foliage. A fitting tribute to a golden anniversary.", "price": "4199.00", "discount_price": "3699.00", "discount_percent": 12, "instruction_text": "Special gold wrapping included.", "delivery_info": "Anniversary card with gold foil.", "same_day_available": 1, "is_featured": 0, "is_active": 1, "created_at": "2026-02-20T17:23:38Z", "updated_at": "2026-02-20T17:23:38Z"}}, {"model": "masters.bouquet", "pk": 32, "fields": {"name": "Wedding Bouquet", "slug": "wedding-bouquet", "short_description": "Bridal bouquet - white roses", "description": "A stunning bridal bouquet of white roses, stephanotis, and trailing ivy. Hand-tied with satin ribbon, this classic bouquet is perfect for the bride on her special day. Custom colors available.", "price": "4599.00", "discount_price": "3999.00", "discount_percent": 13, "instruction_text": "Order at least 2 weeks in advance.", "delivery_info": "Bridal consultation included.", "same_day_available": 1, "is_featured": 0, "is_active": 1, "created_at": "2026-02-20T17:23:38Z", "updated_at": "2026-02-20T17:23:38Z"}}, {"model": "masters.bouquet", "pk": 33, "fields": {"name": "Bridesmaid Posy", "slug": "bridesmaid-posy", "short_description": "Matching bridesmaid bouquets", "description": "Beautiful matching posy bouquets for your bridal party. Smaller version of the bridal bouquet in coordinating colors. Each comes with satin ribbon and can be personalized.", "price": "1899.00", "discount_price": "1599.00", "discount_percent": 16, "instruction_text": "Set of 4 minimum order.", "delivery_info": "Coordinated with bridal bouquet.", "same_day_available": 1, "is_featured": 0, "is_active": 1, "created_at": "2026-02-20T17:23:38Z", "updated_at": "2026-02-20T17:23:38Z"}}, {"model": "masters.bouquet", "pk": 34, "fields": {"name": "Corsage Wrist", "slug": "corsage-wrist", "short_description": "Elegant wrist corsage", "description": "Elegant wrist corsage perfect for proms, weddings, or formal events. Featuring miniature roses and orchids on an elastic band. Available in your choice of colors.", "price": "899.00", "discount_price": "749.00", "discount_percent": 17, "instruction_text": "Can be made ahead and refrigerated.", "delivery_info": "Comes in protective box.", "same_day_available": 1, "is_featured": 0, "is_active": 1, "created_at": "2026-02-20T17:23:38Z", "updated_at": "2026-02-20T17:23:38Z"}}, {"model": "masters.bouquet", "pk": 35, "fields": {"name": "Boutonniere", "slug": "boutonniere", "short_description": "Formal boutonniere for men", "description": "Classic boutonniere for grooms, groomsmen, or prom. Single rose or orchid with greenery, pinned and ready to wear. The perfect finishing touch for formal attire.", "price": "599.00", "discount_price": "499.00", "discount_percent": 17, "instruction_text": "Can be pinned easily.", "delivery_info": "Comes in individual box.", "same_day_available": 1, "is_featured": 0, "is_active": 1, "created_at": "2026-02-20T17:23:38Z", "updated_at": "2026-02-20T17:23:38Z"}}, {"model": "masters.bouquet", "pk": 36, "fields": {"name": "Centerpiece Classic", "slug": "centerpiece-classic", "short_description": "Round table centerpiece", "description": "Beautiful round centerpiece for wedding or event tables. Features roses, hydrangeas, and candles in a low profile design that won't block conversation. Approx 12\" diameter.", "price": "3599.00", "discount_price": "3099.00", "discount_percent": 14, "instruction_text": "Rental of vase included.", "delivery_info": "Delivery and setup available.", "same_day_available": 1, "is_featured": 0, "is_active": 1, "created_at": "2026-02-20T17:23:38Z", "updated_at": "2026-02-20T17:23:38Z"}}, {"model": "masters.bouquet", "pk": 37, "fields": {"name": "Tall Centerpiece", "slug": "tall-centerpiece", "short_description": "Dramatic tall centerpiece", "description": "Make a statement with this tall, dramatic centerpiece featuring branching orchids, curly willow, and hanging amaranthus. Perfect for head tables or entryways. Approx 3 feet tall.", "price": "4999.00", "discount_price": "4499.00", "discount_percent": 10, "instruction_text": "Sturdy base included.", "delivery_info": "Professional setup required.", "same_day_available": 1, "is_featured": 0, "is_active": 1, "created_at": "2026-02-20T17:23:38Z", "updated_at": "2026-02-20T17:23:38Z"}}, {"model": "masters.bouquet", "pk": 38, "fields": {"name": "Garland Swag", "slug": "garland-swag", "short_description": "Fresh greenery garland", "description": "Lush fresh garland of mixed greenery, perfect for draping along banquet tables, staircases, or mantels. Approximately 6 feet long. Creates a beautiful natural look for any event.", "price": "2899.00", "discount_price": "2499.00", "discount_percent": 14, "instruction_text": "Keep misted for freshness.", "delivery_info": "Custom lengths available.", "same_day_available": 1, "is_featured": 0, "is_active": 1, "created_at": "2026-02-20T17:23:38Z", "updated_at": "2026-02-20T17:23:38Z"}}, {"model": "masters.bouquet", "pk": 39, "fields": {"name": "Flower Crown", "slug": "flower-crown", "short_description": "Bohemian flower crown", "description": "Romantic flower crown for the bohemian bride or flower girl. Handcrafted with fresh flowers and greenery on a comfortable base. A beautiful alternative to a veil.", "price": "2499.00", "discount_price": "2199.00", "discount_percent": 12, "instruction_text": "Custom sizing available.", "delivery_info": "Perfect for outdoor weddings.", "same_day_available": 1, "is_featured": 0, "is_active": 1, "created_at": "2026-02-20T17:23:38Z", "updated_at": "2026-02-20T17:23:38Z"}}, {"model": "masters.bouquet", "pk": 40, "fields": {"name": "Dried Flower Bouquet", "slug": "dried-flower-bouquet", "short_description": "Long-lasting dried arrangement", "description": "A beautiful bouquet of dried flowers including pampas grass, lavender, and preserved roses. These long-lasting arrangements require no water and will stay beautiful for months or even years.", "price": "1599.00", "discount_price": "1399.00", "discount_percent": 12, "instruction_text": "No maintenance required. Avoid moisture.", "delivery_info": "Perfect for office or home.", "same_day_available": 1, "is_featured": 1, "is_active": 1, "created_at": "2026-02-20T17:23:38Z", "updated_at": "2026-02-20T17:23:38Z"}}, {"model": "masters.bouquet", "pk": 41, "fields": {"name": "Peony Perfection", "slug": "peony-perfection", "short_description": "Lush peony arrangement", "description": "A stunning arrangement of lush, full peonies in shades of pink and white. Peonies are beloved for their romantic, fluffy blooms and intoxicating fragrance. A truly luxurious gift for someone special.", "price": "3499.00", "discount_price": "2999.00", "discount_percent": 14, "instruction_text": "Seasonal availability - usually spring.", "delivery_info": "Pre-order recommended.", "same_day_available": 1, "is_featured": 1, "is_active": 1, "created_at": "2026-02-20T17:23:38Z", "updated_at": "2026-02-20T17:23:38Z"}}, {"model": "masters.bouquet", "pk": 42, "fields": {"name": "Hydrangea Heaven", "slug": "hydrangea-heaven", "short_description": "Big blue hydrangeas", "description": "Voluptuous blue hydrangeas arranged in a beautiful ceramic pot. These big, beautiful blooms create a stunning visual impact and are perfect for housewarmings or as a statement piece.", "price": "2299.00", "discount_price": "1999.00", "discount_percent": 13, "instruction_text": "Keep well-watered. Hydrangeas drink a lot.", "delivery_info": "Potted for longer life.", "same_day_available": 1, "is_featured": 0, "is_active": 1, "created_at": "2026-02-20T17:23:38Z", "updated_at": "2026-02-20T17:23:38Z"}}, {"model": "masters.bouquet", "pk": 43, "fields": {"name": "Lavender Fields", "slug": "lavender-fields", "short_description": "Fragrant lavender bundle", "description": "A generous bundle of fresh, fragrant lavender stems. The soothing scent promotes relaxation and the beautiful purple spikes add rustic charm to any room. Can be dried and enjoyed for months.", "price": "1499.00", "discount_price": "1299.00", "discount_percent": 13, "instruction_text": "Can be air-dried for long-lasting enjoyment.", "delivery_info": "Perfect for aromatherapy lovers.", "same_day_available": 1, "is_featured": 0, "is_active": 1, "created_at": "2026-02-20T17:23:38Z", "updated_at": "2026-02-20T17:23:38Z"}}, {"model": "masters.bouquet", "pk": 44, "fields": {"name": "Sunflower Smile", "slug": "sunflower-smile", "short_description": "Giant sunflowers", "description": "A cheerful bunch of giant sunflowers guaranteed to bring a smile. These happy flowers follow the sun and bring warmth and joy to any space. Perfect for birthdays, get-well, or just because.", "price": "1699.00", "discount_price": "1399.00", "discount_percent": 18, "instruction_text": "Sunflowers are heavy drinkers. Keep water topped up.", "delivery_info": "Farm fresh from local growers.", "same_day_available": 1, "is_featured": 1, "is_active": 1, "created_at": "2026-02-20T17:23:38Z", "updated_at": "2026-02-20T17:23:38Z"}}, {"model": "masters.bouquet", "pk": 45, "fields": {"name": "Gerbera Burst", "slug": "gerbera-burst", "short_description": "Vibrant gerbera daisies", "description": "A burst of color with vibrant gerbera daisies in assorted bright colors. These cheerful flowers are known for their huge blooms and long vase life. Perfect for any happy occasion.", "price": "1899.00", "discount_price": "1599.00", "discount_percent": 16, "instruction_text": "Change water every 2 days for longest life.", "delivery_info": "Color assortment may vary by season.", "same_day_available": 1, "is_featured": 0, "is_active": 1, "created_at": "2026-02-20T17:23:38Z", "updated_at": "2026-02-20T17:23:38Z"}}, {"model": "masters.bouquet", "pk": 46, "fields": {"name": "Lily Elegance", "slug": "lily-elegance", "short_description": "Fragrant lily arrangement", "description": "An elegant arrangement of fragrant oriental lilies in shades of pink and white. Lilies are known for their stunning blooms and sweet fragrance that will fill an entire room. A sophisticated gift.", "price": "2799.00", "discount_price": "2399.00", "discount_percent": 14, "instruction_text": "Remove pollen stamens to prevent staining.", "delivery_info": "Fragrance warning: strongly scented.", "same_day_available": 1, "is_featured": 0, "is_active": 1, "created_at": "2026-02-20T17:23:38Z", "updated_at": "2026-02-20T17:23:38Z"}}, {"model": "masters.bouquet", "pk": 47, "fields": {"name": "Calla Lily Sophistication", "slug": "calla-lily-sophistication", "short_description": "Sleek calla lily bouquet", "description": "A sleek, sophisticated bouquet of white calla lilies. Their elegant, trumpet-shaped blooms represent magnificent beauty and are perfect for modern, minimalist aesthetics or formal occasions.", "price": "3199.00", "discount_price": "2799.00", "discount_percent": 12, "instruction_text": "Handle with care - stems are delicate.", "delivery_info": "Comes with tall, elegant vase.", "same_day_available": 1, "is_featured": 0, "is_active": 1, "created_at": "2026-02-20T17:23:38Z", "updated_at": "2026-02-20T17:23:38Z"}}, {"model": "masters.bouquet", "pk": 48, "fields": {"name": "Freesia Fragrance", "slug": "freesia-fragrance", "short_description": "Sweetly scented freesia", "description": "A delicate bouquet of freesia in pastel colors. These dainty flowers are beloved for their sweet, citrusy scent that will perfume your entire home. A beautiful, fragrant gift.", "price": "1999.00", "discount_price": "1699.00", "discount_percent": 15, "instruction_text": "Remove lower leaves to keep water clean.", "delivery_info": "Highly fragrant - scent warning.", "same_day_available": 1, "is_featured": 0, "is_active": 1, "created_at": "2026-02-20T17:23:38Z", "updated_at": "2026-02-20T17:23:38Z"}}, {"model": "masters.bouquet", "pk": 49, "fields": {"name": "Iris Beauty", "slug": "iris-beauty", "short_description": "Purple iris arrangement", "description": "A striking arrangement of purple iris, the flower that symbolizes wisdom and hope. Their unique form and rich color make them a memorable gift for someone special.", "price": "2099.00", "discount_price": "1799.00", "discount_percent": 14, "instruction_text": "Iris have a shorter vase life but are beautiful.", "delivery_info": "Pairs well with other spring flowers.", "same_day_available": 1, "is_featured": 0, "is_active": 1, "created_at": "2026-02-20T17:23:38Z", "updated_at": "2026-02-20T17:23:38Z"}}, {"model": "masters.bouquet", "pk": 50, "fields": {"name": "Delphinium Dreams", "slug": "delphinium-dreams", "short_description": "Tall blue delphinium spikes", "description": "Dramatic tall spikes of delphinium in shades of blue and purple. These majestic flowers create height and drama in any arrangement. Perfect for adding a touch of elegance to special events.", "price": "2599.00", "discount_price": "2199.00", "discount_percent": 15, "instruction_text": "Support stems may need staking.", "delivery_info": "Stunning as a standalone arrangement.", "same_day_available": 1, "is_featured": 1, "is_active": 1, "created_at": "2026-02-20T17:23:38Z", "updated_at": "2026-02-20T17:23:38Z"}}, {"model": "masters.bouquetoccasion", "pk": 1, "fields": {"bouquet": 2, "occasion": 1, "created_at": "2026-02-20T17:25:57Z"}}, {"model": "masters.bouquetoccasion", "pk": 2, "fields": {"bouquet": 5, "occasion": 1, "created_at": "2026-02-20T17:25:57Z"}}, {"model": "masters.bouquetoccasion", "pk": 3, "fields": {"bouquet": 7, "occasion": 1, "created_at": "2026-02-20T17:25:57Z"}}, {"model": "masters.bouquetoccasion", "pk": 4, "fields": {"bouquet": 11, "occasion": 1, "created_at": "2026-02-20T17:25:57Z"}}, {"model": "masters.bouquetoccasion", "pk": 5, "fields": {"bouquet": 30, "occasion": 1, "created_at": "2026-02-20T17:25:57Z"}}, {"model": "masters.bouquetoccasion", "pk": 6, "fields": {"bouquet": 44, "occasion": 1, "created_at": "2026-02-20T17:25:57Z"}}, {"model": "masters.bouquetoccasion", "pk": 7, "fields": {"bouquet": 45, "occasion": 1, "created_at": "2026-02-20T17:25:57Z"}}, {"model": "masters.bouquetoccasion", "pk": 9, "fields": {"bouquet": 3, "occasion": 2, "created_at": "2026-02-20T17:25:57Z"}}, {"model": "masters.bouquetoccasion", "pk": 10, "fields": {"bouquet": 6, "occasion": 2, "created_at": "2026-02-20T17:25:57Z"}}, {"model": "masters.bouquetoccasion", "pk": 11, "fields": {"bouquet": 8, "occasion": 2, "created_at": "2026-02-20T17:25:57Z"}}, {"model": "masters.bouquetoccasion", "pk": 12, "fields": {"bouquet": 12, "occasion": 2, "created_at": "2026-02-20T17:25:57Z"}}, {"model": "masters.bouquetoccasion", "pk": 13, "fields": {"bouquet": 29, "occasion": 2, "created_at": "2026-02-20T17:25:57Z"}}, {"model": "masters.bouquetoccasion", "pk": 14, "fields": {"bouquet": 31, "occasion": 2, "created_at": "2026-02-20T17:25:57Z"}}, {"model": "masters.bouquetoccasion", "pk": 16, "fields": {"bouquet": 3, "occasion": 3, "created_at": "2026-02-20T17:25:57Z"}}, {"model": "masters.bouquetoccasion", "pk": 17, "fields": {"bouquet": 8, "occasion": 3, "created_at": "2026-02-20T17:25:57Z"}}, {"model": "masters.bouquetoccasion", "pk": 18, "fields": {"bouquet": 12, "occasion": 3, "created_at": "2026-02-20T17:25:57Z"}}, {"model": "masters.bouquetoccasion", "pk": 19, "fields": {"bouquet": 22, "occasion": 3, "created_at": "2026-02-20T17:25:57Z"}}, {"model": "masters.bouquetoccasion", "pk": 20, "fields": {"bouquet": 29, "occasion": 3, "created_at": "2026-02-20T17:25:57Z"}}, {"model": "masters.bouquetoccasion", "pk": 21, "fields": {"bouquet": 41, "occasion": 3, "created_at": "2026-02-20T17:25:57Z"}}, {"model": "masters.bouquetoccasion", "pk": 23, "fields": {"bouquet": 8, "occasion": 4, "created_at": "2026-02-20T17:25:57Z"}}, {"model": "masters.bouquetoccasion", "pk": 24, "fields": {"bouquet": 22, "occasion": 4, "created_at": "2026-02-20T17:25:57Z"}}, {"model": "masters.bouquetoccasion", "pk": 25, "fields": {"bouquet": 29, "occasion": 4, "created_at": "2026-02-20T17:25:57Z"}}, {"model": "masters.bouquetoccasion", "pk": 26, "fields": {"bouquet": 41, "occasion": 4, "created_at": "2026-02-20T17:25:57Z"}}, {"model": "masters.bouquetoccasion", "pk": 27, "fields": {"bouquet": 5, "occasion": 5, "created_at": "2026-02-20T17:25:57Z"}}, {"model": "masters.bouquetoccasion", "pk": 28, "fields": {"bouquet": 7, "occasion": 5, "created_at": "2026-02-20T17:25:57Z"}}, {"model": "masters.bouquetoccasion", "pk": 29, "fields": {"bouquet": 16, "occasion": 5, "created_at": "2026-02-20T17:25:57Z"}}, {"model": "masters.bouquetoccasion", "pk": 30, "fields": {"bouquet": 23, "occasion": 5, "created_at": "2026-02-20T17:25:57Z"}}, {"model": "masters.bouquetoccasion", "pk": 31, "fields": {"bouquet": 24, "occasion": 5, "created_at": "2026-02-20T17:25:57Z"}}, {"model": "masters.bouquetoccasion", "pk": 32, "fields": {"bouquet": 44, "occasion": 5, "created_at": "2026-02-20T17:25:57Z"}}, {"model": "masters.bouquetoccasion", "pk": 33, "fields": {"bouquet": 4, "occasion": 6, "created_at": "2026-02-20T17:25:57Z"}}, {"model": "masters.bouquetoccasion", "pk": 34, "fields": {"bouquet": 6, "occasion": 6, "created_at": "2026-02-20T17:25:57Z"}}, {"model": "masters.bouquetoccasion", "pk": 35, "fields": {"bouquet": 32, "occasion": 6, "created_at": "2026-02-20T17:25:57Z"}}, {"model": "masters.bouquetoccasion", "pk": 36, "fields": {"bouquet": 33, "occasion": 6, "created_at": "2026-02-20T17:25:57Z"}}, {"model": "masters.bouquetoccasion", "pk": 37, "fields": {"bouquet": 36, "occasion": 6, "created_at": "2026-02-20T17:25:57Z"}}, {"model": "masters.bouquetoccasion", "pk": 38, "fields": {"bouquet": 37, "occasion": 6, "created_at": "2026-02-20T17:25:57Z"}}, {"model": "masters.bouquetoccasion", "pk": 39, "fields": {"bouquet": 39, "occasion": 6, "created_at": "2026-02-20T17:25:57Z"}}, {"model": "masters.bouquetoccasion", "pk": 40, "fields": {"bouquet": 17, "occasion": 7, "created_at": "2026-02-20T17:25:57Z"}}, {"model": "masters.bouquetoccasion", "pk": 41, "fields": {"bouquet": 18, "occasion": 7, "created_at": "2026-02-20T17:25:57Z"}}, {"model": "masters.bouquetoccasion", "pk": 42, "fields": {"bouquet": 14, "occasion": 8, "created_at": "2026-02-20T17:25:57Z"}}, {"model": "masters.bouquetoccasion", "pk": 43, "fields": {"bouquet": 21, "occasion": 8, "created_at": "2026-02-20T17:25:57Z"}}, {"model": "masters.bouquetoccasion", "pk": 44, "fields": {"bouquet": 25, "occasion": 8, "created_at": "2026-02-20T17:25:57Z"}}, {"model": "masters.bouquetoccasion", "pk": 45, "fields": {"bouquet": 2, "occasion": 9, "created_at": "2026-02-20T17:25:57Z"}}, {"model": "masters.bouquetoccasion", "pk": 46, "fields": {"bouquet": 13, "occasion": 9, "created_at": "2026-02-20T17:25:57Z"}}, {"model": "masters.bouquetoccasion", "pk": 47, "fields": {"bouquet": 44, "occasion": 9, "created_at": "2026-02-20T17:25:57Z"}}, {"model": "masters.bouquetoccasion", "pk": 48, "fields": {"bouquet": 23, "occasion": 10, "created_at": "2026-02-20T17:25:57Z"}}, {"model": "masters.bouquetoccasion", "pk": 49, "fields": {"bouquet": 27, "occasion": 10, "created_at": "2026-02-20T17:25:57Z"}}, {"model": "masters.bouquetoccasion", "pk": 50, "fields": {"bouquet": 40, "occasion": 10, "created_at": "2026-02-20T17:25:57Z"}}, {"model": "masters.bouquetoccasion", "pk": 51, "fields": {"bouquet": 42, "occasion": 10, "created_at": "2026-02-20T17:25:57Z"}}, {"model": "masters.bouquetoccasion", "pk": 52, "fields": {"bouquet": 20, "occasion": 11, "created_at": "2026-02-20T17:25:57Z"}}, {"model": "masters.bouquetoccasion", "pk": 53, "fields": {"bouquet": 19, "occasion": 12, "created_at": "2026-02-20T17:25:57Z"}}, {"model": "masters.bouquetoccasion", "pk": 54, "fields": {"bouquet": 21, "occasion": 12, "created_at": "2026-02-20T17:25:57Z"}}, {"model": "masters.bouquetoccasion", "pk": 55, "fields": {"bouquet": 48, "occasion": 12, "created_at": "2026-02-20T17:25:57Z"}}, {"model": "masters.bouquetoccasion", "pk": 56, "fields": {"bouquet": 15, "occasion": 13, "created_at": "2026-02-20T17:25:57Z"}}, {"model": "masters.bouquetoccasion", "pk": 65, "fields": {"bouquet": 1, "occasion": 2, "created_at": "2026-02-20T12:34:02.458Z"}}, {"model": "masters.bouquetoccasion", "pk": 66, "fields": {"bouquet": 1, "occasion": 3, "created_at": "2026-02-20T12:34:02.459Z"}}, {"model": "masters.bouquetoccasion", "pk": 67, "fields": {"bouquet": 1, "occasion": 4, "created_at": "2026-02-20T12:34:02.460Z"}}, {"model": "masters.bouquetoccasion", "pk": 68, "fields": {"bouquet": 1, "occasion": 12, "created_at": "2026-02-20T12:34:02.460Z"}}, {"model": "masters.bouquetimage", "pk": 1, "fields": {"bouquet": 1, "image_name": "Apartment DetailsNew.png", "image_path": "bouquets/1/b37c4faeda104a7ba682a204e5d9374d.png", "is_active": 1, "created_at": "2026-02-16T04:51:35.657Z", "created_by": "1"}}, {"model": "masters.bouquetimage", "pk": 2, "fields": {"bouquet": 1, "image_name": "Booklet.png", "image_path": "bouquets/1/d098606682964c6e984032634f22eb4c.png", "is_active": 1, "created_at": "2026-02-16T04:51:35.680Z", "created_by": "1"}}, {"model": "masters.bouquetimage", "pk": 3, "fields": {"bouquet": 1, "image_name": "CIDCOSLIDER.png", "image_path": "bouquets/1/3d184cebf17846a4a207ecc987388a8e.png", "is_active": 1, "created_at": "2026-02-16T04:51:35.682Z", "created_by": "1"}}, {"model": "masters.vendor", "pk": 1, "fields": {"vendor_name": "Vasai Flower Hub", "phone_no": "9876543210", "email": "vasaihub@example.com", "area_name": "Vasai West", "pincode": "401202", "vendor_address": "Shop 12, MG Road, Vasai West", "is_active": 1, "created_at": "2026-02-12T21:47:24Z", "created_by": "admin"}}, {"model": "masters.vendor", "pk": 2, "fields": {"vendor_name": "Blossom Point", "phone_no": "9876543211", "email": "blossom@example.com", "area_name": "Vasai East", "pincode": "401208", "vendor_address": "Near Railway Station, Vasai East", "is_active": 1, "created_at": "2026-02-12T21:47:24Z", "created_by": "admin"}}, {"model": "masters.vendor", "pk": 3, "fields": {"vendor_name": "Virar Petals", "phone_no": "9876543212", "email": "virarpetals@example.com", "area_name": "Virar West", "pincode": "401303", "vendor_address": "Opp. Dmart, Virar West", "is_active": 1, "created_at": "2026-02-12T21:47:24Z", "created_by": "admin"}}, {"model": "masters.vendor", "pk": 4, "fields": {"vendor_name": "Floral Expressions", "phone_no": "9876543213", "email": "floralexpress@example.com", "area_name": "Virar East", "pincode": "401305", "vendor_address": "Global City Road, Virar East", "is_active": 1, "created_at": "2026-02-12T21:47:24Z", "created_by": "admin"}}, {"model": "masters.vendor", "pk": 5, "fields": {"vendor_name": "Nallasopara Blooms", "phone_no": "9876543214", "email": "nspblooms@example.com", "area_name": "Nallasopara West", "pincode": "401203", "vendor_address": "Achole Road, Nallasopara West", "is_active": 1, "created_at": "2026-02-12T21:47:24Z", "created_by": "admin"}}, {"model": "masters.vendor", "pk": 6, "fields": {"vendor_name": "Sai Flower Mart", "phone_no": "9876543215", "email": "saiflowers@example.com", "area_name": "Nallasopara East", "pincode": "401209", "vendor_address": "Station Road, Nallasopara East", "is_active": 1, "created_at": "2026-02-12T21:47:24Z", "created_by": "admin"}}, {"model": "masters.deliverypincode", "pk": 1, "fields": {"pincode": "401102", "place_name": "Navghar", "is_active": true, "created_at": "2026-02-16T10:18:33Z", "created_by": null, "updated_at": "2026-02-16T10:18:33Z", "updated_by": null}}, {"model": "masters.deliverypincode", "pk": 2, "fields": {"pincode": "401103", "place_name": "Umbarpada / Vangaon belt", "is_active": true, "created_at": "2026-02-16T10:18:33Z", "created_by": null, "updated_at": "2026-02-16T10:18:33Z", "updated_by": null}}, {"model": "masters.deliverypincode", "pk": 3, "fields": {"pincode": "401201", "place_name": "Vasai", "is_active": true, "created_at": "2026-02-16T10:18:33Z", "created_by": null, "updated_at": "2026-02-16T10:18:33Z", "updated_by": null}}, {"model": "masters.deliverypincode", "pk": 4, "fields": {"pincode": "401202", "place_name": "Vasai Road", "is_active": true, "created_at": "2026-02-16T10:18:33Z", "created_by": null, "updated_at": "2026-02-16T10:18:33Z", "updated_by": null}}, {"model": "masters.deliverypincode", "pk": 5, "fields": {"pincode": "401203", "place_name": "Nalasopara West", "is_active": true, "created_at": "2026-02-16T10:18:33Z", "created_by": null, "updated_at": "2026-02-16T10:18:33Z", "updated_by": null}}, {"model": "masters.deliverypincode", "pk": 6, "fields": {"pincode": "401204", "place_name": "Juchandra", "is_active": true, "created_at": "2026-02-16T10:18:33Z", "created_by": null, "updated_at": "2026-02-16T10:18:33Z", "updated_by": null}}, {"model": "masters.deliverypincode", "pk": 7, "fields": {"pincode": "401205", "place_name": "Pelhar", "is_active": true, "created_at": "2026-02-16T10:18:33Z", "created_by": null, "updated_at": "2026-02-16T10:18:33Z", "updated_by": null}}, {"model": "masters.deliverypincode", "pk": 8, "fields": {"pincode": "401207", "place_name": "Naigaon", "is_active": true, "created_at": "2026-02-16T10:18:33Z", "created_by": null, "updated_at": "2026-02-16T10:18:33Z", "updated_by": null}}, {"model": "masters.deliverypincode", "pk": 9, "fields": {"pincode": "401208", "place_name": "Vasai East", "is_active": true, "created_at": "2026-02-16T10:18:33Z", "created_by": null, "updated_at": "2026-02-16T10:18:33Z", "updated_by": null}}, {"model": "masters.deliverypincode", "pk": 10, "fields": {"pincode": "401209", "place_name": "Nalasopara East", "is_active": true, "created_at": "2026-02-16T10:18:33Z", "created_by": null, "updated_at": "2026-02-16T10:18:33Z", "updated_by": null}}, {"model": "masters.deliverypincode", "pk": 11, "fields": {"pincode": "401301", "place_name": "Agashi", "is_active": true, "created_at": "2026-02-16T10:18:33Z", "created_by": null, "updated_at": "2026-02-16T10:18:33Z", "updated_by": null}}, {"model": "masters.deliverypincode", "pk": 12, "fields": {"pincode": "401302", "place_name": "Arnala", "is_active": true, "created_at": "2026-02-16T10:18:33Z", "created_by": null, "updated_at": "2026-02-16T10:18:33Z", "updated_by": null}}, {"model": "masters.deliverypincode", "pk": 13, "fields": {"pincode": "401303", "place_name": "Virar West", "is_active": true, "created_at": "2026-02-16T10:18:33Z", "created_by": null, "updated_at": "2026-02-16T10:18:33Z", "updated_by": null}}, {"model": "masters.deliverypincode", "pk": 14, "fields": {"pincode": "401304", "place_name": "Nirmal", "is_active": true, "created_at": "2026-02-16T10:18:33Z", "created_by": null, "updated_at": "2026-02-16T10:18:33Z", "updated_by": null}}, {"model": "masters.deliverypincode", "pk": 15, "fields": {"pincode": "401305", "place_name": "Virar East", "is_active": true, "created_at": "2026-02-16T10:18:33Z", "created_by": null, "updated_at": "2026-02-16T10:18:33Z", "updated_by": null}}, {"model": "store.orderitem", "pk": 1, "fields": {"order": 1, "bouquet": 1, "bouquet_name": "Eternal Red Rosee", "bouquet_slug": "eternal-red-rosee", "price": "1999.20", "original_price": "2499.00", "discount_percent": 20, "quantity": 1, "created_at": "2026-03-06T07:34:58.482Z"}}, {"model": "store.orderitem", "pk": 2, "fields": {"order": 1, "bouquet": 6, "bouquet_name": "White Wedding", "bouquet_slug": "white-wedding", "price": "3499.00", "original_price": "3999.00", "discount_percent": 12, "quantity": 1, "created_at": "2026-03-06T07:35:01.700Z"}}, {"model": "auth.permission", "fields": {"name": "Can add log entry", "content_type": ["admin", "logentry"], "codename": "add_logentry"}}, {"model": "auth.permission", "fields": {"name": "Can change log entry", "content_type": ["admin", "logentry"], "codename": "change_logentry"}}, {"model": "auth.permission", "fields": {"name": "Can delete log entry", "content_type": ["admin", "logentry"], "codename": "delete_logentry"}}, {"model": "auth.permission", "fields": {"name": "Can view log entry", "content_type": ["admin", "logentry"], "codename": "view_logentry"}}, {"model": "auth.permission", "fields": {"name": "Can add permission", "content_type": ["auth", "permission"], "codename": "add_permission"}}, {"model": "auth.permission", "fields": {"name": "Can change permission", "content_type": ["auth", "permission"], "codename": "change_permission"}}, {"model": "auth.permission", "fields": {"name": "Can delete permission", "content_type": ["auth", "permission"], "codename": "delete_permission"}}, {"model": "auth.permission", "fields": {"name": "Can view permission", "content_type": ["auth", "permission"], "codename": "view_permission"}}, {"model": "auth.permission", "fields": {"name": "Can add group", "content_type": ["auth", "group"], "codename": "add_group"}}, {"model": "auth.permission", "fields": {"name": "Can change group", "content_type": ["auth", "group"], "codename": "change_group"}}, {"model": "auth.permission", "fields": {"name": "Can delete group", "content_type": ["auth", "group"], "codename": "delete_group"}}, {"model": "auth.permission", "fields": {"name": "Can view group", "content_type": ["auth", "group"], "codename": "view_group"}}, {"model": "auth.permission", "fields": {"name": "Can add content type", "content_type": ["contenttypes", "contenttype"], "codename": "add_contenttype"}}, {"model": "auth.permission", "fields": {"name": "Can change content type", "content_type": ["contenttypes", "contenttype"], "codename": "change_contenttype"}}, {"model": "auth.permission", "fields": {"name": "Can delete content type", "content_type": ["contenttypes", "contenttype"], "codename": "delete_contenttype"}}, {"model": "auth.permission", "fields": {"name": "Can view content type", "content_type": ["contenttypes", "contenttype"], "codename": "view_contenttype"}}, {"model": "auth.permission", "fields": {"name": "Can add session", "content_type": ["sessions", "session"], "codename": "add_session"}}, {"model": "auth.permission", "fields": {"name": "Can change session", "content_type": ["sessions", "session"], "codename": "change_session"}}, {"model": "auth.permission", "fields": {"name": "Can delete session", "content_type": ["sessions", "session"], "codename": "delete_session"}}, {"model": "auth.permission", "fields": {"name": "Can view session", "content_type": ["sessions", "session"], "codename": "view_session"}}, {"model": "auth.permission", "fields": {"name": "Can add error log", "content_type": ["accounts", "errorlog"], "codename": "add_errorlog"}}, {"model": "auth.permission", "fields": {"name": "Can change error log", "content_type": ["accounts", "errorlog"], "codename": "change_errorlog"}}, {"model": "auth.permission", "fields": {"name": "Can delete error log", "content_type": ["accounts", "errorlog"], "codename": "delete_errorlog"}}, {"model": "auth.permission", "fields": {"name": "Can view error log", "content_type": ["accounts", "errorlog"], "codename": "view_errorlog"}}, {"model": "auth.permission", "fields": {"name": "Can add roles", "content_type": ["accounts", "roles"], "codename": "add_roles"}}, {"model": "auth.permission", "fields": {"name": "Can change roles", "content_type": ["accounts", "roles"], "codename": "change_roles"}}, {"model": "auth.permission", "fields": {"name": "Can delete roles", "content_type": ["accounts", "roles"], "codename": "delete_roles"}}, {"model": "auth.permission", "fields": {"name": "Can view roles", "content_type": ["accounts", "roles"], "codename": "view_roles"}}, {"model": "auth.permission", "fields": {"name": "Can add custom user", "content_type": ["accounts", "customuser"], "codename": "add_customuser"}}, {"model": "auth.permission", "fields": {"name": "Can change custom user", "content_type": ["accounts", "customuser"], "codename": "change_customuser"}}, {"model": "auth.permission", "fields": {"name": "Can delete custom user", "content_type": ["accounts", "customuser"], "codename": "delete_customuser"}}, {"model": "auth.permission", "fields": {"name": "Can view custom user", "content_type": ["accounts", "customuser"], "codename": "view_customuser"}}, {"model": "auth.permission", "fields": {"name": "Can add password storage", "content_type": ["accounts", "passwordstorage"], "codename": "add_passwordstorage"}}, {"model": "auth.permission", "fields": {"name": "Can change password storage", "content_type": ["accounts", "passwordstorage"], "codename": "change_passwordstorage"}}, {"model": "auth.permission", "fields": {"name": "Can delete password storage", "content_type": ["accounts", "passwordstorage"], "codename": "delete_passwordstorage"}}, {"model": "auth.permission", "fields": {"name": "Can view password storage", "content_type": ["accounts", "passwordstorage"], "codename": "view_passwordstorage"}}, {"model": "auth.permission", "fields": {"name": "Can add vendor", "content_type": ["masters", "vendor"], "codename": "add_vendor"}}, {"model": "auth.permission", "fields": {"name": "Can change vendor", "content_type": ["masters", "vendor"], "codename": "change_vendor"}}, {"model": "auth.permission", "fields": {"name": "Can delete vendor", "content_type": ["masters", "vendor"], "codename": "delete_vendor"}}, {"model": "auth.permission", "fields": {"name": "Can view vendor", "content_type": ["masters", "vendor"], "codename": "view_vendor"}}, {"model": "auth.permission", "fields": {"name": "Can add bouquet image", "content_type": ["masters", "bouquetimage"], "codename": "add_bouquetimage"}}, {"model": "auth.permission", "fields": {"name": "Can change bouquet image", "content_type": ["masters", "bouquetimage"], "codename": "change_bouquetimage"}}, {"model": "auth.permission", "fields": {"name": "Can delete bouquet image", "content_type": ["masters", "bouquetimage"], "codename": "delete_bouquetimage"}}, {"model": "auth.permission", "fields": {"name": "Can view bouquet image", "content_type": ["masters", "bouquetimage"], "codename": "view_bouquetimage"}}, {"model": "auth.permission", "fields": {"name": "Can add occasion", "content_type": ["masters", "occasion"], "codename": "add_occasion"}}, {"model": "auth.permission", "fields": {"name": "Can change occasion", "content_type": ["masters", "occasion"], "codename": "change_occasion"}}, {"model": "auth.permission", "fields": {"name": "Can delete occasion", "content_type": ["masters", "occasion"], "codename": "delete_occasion"}}, {"model": "auth.permission", "fields": {"name": "Can view occasion", "content_type": ["masters", "occasion"], "codename": "view_occasion"}}, {"model": "auth.permission", "fields": {"name": "Can add bouquet", "content_type": ["masters", "bouquet"], "codename": "add_bouquet"}}, {"model": "auth.permission", "fields": {"name": "Can change bouquet", "content_type": ["masters", "bouquet"], "codename": "change_bouquet"}}, {"model": "auth.permission", "fields": {"name": "Can delete bouquet", "content_type": ["masters", "bouquet"], "codename": "delete_bouquet"}}, {"model": "auth.permission", "fields": {"name": "Can view bouquet", "content_type": ["masters", "bouquet"], "codename": "view_bouquet"}}, {"model": "auth.permission", "fields": {"name": "Can add bouquet occasion", "content_type": ["masters", "bouquetoccasion"], "codename": "add_bouquetoccasion"}}, {"model": "auth.permission", "fields": {"name": "Can change bouquet occasion", "content_type": ["masters", "bouquetoccasion"], "codename": "change_bouquetoccasion"}}, {"model": "auth.permission", "fields": {"name": "Can delete bouquet occasion", "content_type": ["masters", "bouquetoccasion"], "codename": "delete_bouquetoccasion"}}, {"model": "auth.permission", "fields": {"name": "Can view bouquet occasion", "content_type": ["masters", "bouquetoccasion"], "codename": "view_bouquetoccasion"}}, {"model": "auth.permission", "fields": {"name": "Can add delivery pincode", "content_type": ["masters", "deliverypincode"], "codename": "add_deliverypincode"}}, {"model": "auth.permission", "fields": {"name": "Can change delivery pincode", "content_type": ["masters", "deliverypincode"], "codename": "change_deliverypincode"}}, {"model": "auth.permission", "fields": {"name": "Can delete delivery pincode", "content_type": ["masters", "deliverypincode"], "codename": "delete_deliverypincode"}}, {"model": "auth.permission", "fields": {"name": "Can view delivery pincode", "content_type": ["masters", "deliverypincode"], "codename": "view_deliverypincode"}}, {"model": "auth.permission", "fields": {"name": "Can add patient", "content_type": ["masters", "patient"], "codename": "add_patient"}}, {"model": "auth.permission", "fields": {"name": "Can change patient", "content_type": ["masters", "patient"], "codename": "change_patient"}}, {"model": "auth.permission", "fields": {"name": "Can delete patient", "content_type": ["masters", "patient"], "codename": "delete_patient"}}, {"model": "auth.permission", "fields": {"name": "Can view patient", "content_type": ["masters", "patient"], "codename": "view_patient"}}, {"model": "auth.permission", "fields": {"name": "Can add audiogram test", "content_type": ["masters", "audiogramtest"], "codename": "add_audiogramtest"}}, {"model": "auth.permission", "fields": {"name": "Can change audiogram test", "content_type": ["masters", "audiogramtest"], "codename": "change_audiogramtest"}}, {"model": "auth.permission", "fields": {"name": "Can delete audiogram test", "content_type": ["masters", "audiogramtest"], "codename": "delete_audiogramtest"}}, {"model": "auth.permission", "fields": {"name": "Can view audiogram test", "content_type": ["masters", "audiogramtest"], "codename": "view_audiogramtest"}}, {"model": "auth.permission", "fields": {"name": "Can add audiogram reading", "content_type": ["masters", "audiogramreading"], "codename": "add_audiogramreading"}}, {"model": "auth.permission", "fields": {"name": "Can change audiogram reading", "content_type": ["masters", "audiogramreading"], "codename": "change_audiogramreading"}}, {"model": "auth.permission", "fields": {"name": "Can delete audiogram reading", "content_type": ["masters", "audiogramreading"], "codename": "delete_audiogramreading"}}, {"model": "auth.permission", "fields": {"name": "Can view audiogram reading", "content_type": ["masters", "audiogramreading"], "codename": "view_audiogramreading"}}, {"model": "auth.permission", "fields": {"name": "Can add cart", "content_type": ["store", "cart"], "codename": "add_cart"}}, {"model": "auth.permission", "fields": {"name": "Can change cart", "content_type": ["store", "cart"], "codename": "change_cart"}}, {"model": "auth.permission", "fields": {"name": "Can delete cart", "content_type": ["store", "cart"], "codename": "delete_cart"}}, {"model": "auth.permission", "fields": {"name": "Can view cart", "content_type": ["store", "cart"], "codename": "view_cart"}}, {"model": "auth.permission", "fields": {"name": "Can add cart item", "content_type": ["store", "cartitem"], "codename": "add_cartitem"}}, {"model": "auth.permission", "fields": {"name": "Can change cart item", "content_type": ["store", "cartitem"], "codename": "change_cartitem"}}, {"model": "auth.permission", "fields": {"name": "Can delete cart item", "content_type": ["store", "cartitem"], "codename": "delete_cartitem"}}, {"model": "auth.permission", "fields": {"name": "Can view cart item", "content_type": ["store", "cartitem"], "codename": "view_cartitem"}}, {"model": "auth.permission", "fields": {"name": "Can add review", "content_type": ["store", "review"], "codename": "add_review"}}, {"model": "auth.permission", "fields": {"name": "Can change review", "content_type": ["store", "review"], "codename": "change_review"}}, {"model": "auth.permission", "fields": {"name": "Can delete review", "content_type": ["store", "review"], "codename": "delete_review"}}, {"model": "auth.permission", "fields": {"name": "Can view review", "content_type": ["store", "review"], "codename": "view_review"}}, {"model": "auth.permission", "fields": {"name": "Can add user profile", "content_type": ["accounts", "userprofile"], "codename": "add_userprofile"}}, {"model": "auth.permission", "fields": {"name": "Can change user profile", "content_type": ["accounts", "userprofile"], "codename": "change_userprofile"}}, {"model": "auth.permission", "fields": {"name": "Can delete user profile", "content_type": ["accounts", "userprofile"], "codename": "delete_userprofile"}}, {"model": "auth.permission", "fields": {"name": "Can view user profile", "content_type": ["accounts", "userprofile"], "codename": "view_userprofile"}}, {"model": "auth.permission", "fields": {"name": "Can add order", "content_type": ["store", "order"], "codename": "add_order"}}, {"model": "auth.permission", "fields": {"name": "Can change order", "content_type": ["store", "order"], "codename": "change_order"}}, {"model": "auth.permission", "fields": {"name": "Can delete order", "content_type": ["store", "order"], "codename": "delete_order"}}, {"model": "auth.permission", "fields": {"name": "Can view order", "content_type": ["store", "order"], "codename": "view_order"}}, {"model": "auth.permission", "fields": {"name": "Can add order item", "content_type": ["store", "orderitem"], "codename": "add_orderitem"}}, {"model": "auth.permission", "fields": {"name": "Can change order item", "content_type": ["store", "orderitem"], "codename": "change_orderitem"}}, {"model": "auth.permission", "fields": {"name": "Can delete order item", "content_type": ["store", "orderitem"], "codename": "delete_orderitem"}}, {"model": "auth.permission", "fields": {"name": "Can view order item", "content_type": ["store", "orderitem"], "codename": "view_orderitem"}}, {"model": "accounts.customuser", "fields": {"password": "pbkdf2_sha256$1200000$Fgvr988rhz7EsaIrOV6T1F$n1Ngav8i/daEs/GAnAb+qyqmh31PvOwpz3ITUE32eig=", "is_superuser": false, "first_name": "Pruthvi", "last_name": "Hajare", "full_name": "Pruthvi Hajare", "email": "pruthvihajare29@gmail.com", "phone": "", "first_time_login": 1, "last_login": "2026-02-23T09:33:17.798Z", "is_active": true, "is_staff": false, "role_id": 1, "profile_image": "", "dark_mode": false, "email_verified": false, "session_key": null, "is_logged_in": false, "phone_verified": false, "last_activity": "2026-02-11T16:05:29.120Z", "date_joined": "2026-02-11T16:05:29.120Z", "user_type": "guest", "groups": [], "user_permissions": []}}, {"model": "accounts.customuser", "fields": {"password": "pbkdf2_sha256$1000000$2iKMzmGfky5pN0OezDHFcd$eGYCNX/mrkBLIl3uzxxoNptI04Dn8zymjuRvo++DGmY=", "is_superuser": false, "first_name": "Shivani", "last_name": "Hajare", "full_name": "Shivani Hajare", "email": "shivanipruthvihajare@gmail.com", "phone": "", "first_time_login": 1, "last_login": "2026-02-11T16:07:28.957Z", "is_active": true, "is_staff": false, "role_id": 1, "profile_image": "", "dark_mode": false, "email_verified": false, "session_key": null, "is_logged_in": false, "phone_verified": false, "last_activity": "2026-02-11T16:07:28.945Z", "date_joined": "2026-02-11T16:07:28.945Z", "user_type": "guest", "groups": [], "user_permissions": []}}, {"model": "accounts.customuser", "fields": {"password": "pbkdf2_sha256$1000000$0JdlGhdl2CjkrTPKg9LCsq$qnoqDGO5oLPG5juig5RbGmB02LpxNlBR4lxM1VExZzw=", "is_superuser": false, "first_name": "Pankaj N.", "last_name": "Hajare", "full_name": "Pankaj N. Hajare", "email": "hajareofficial1997@gmail.com", "phone": "8805433102", "first_time_login": 1, "last_login": "2026-03-07T05:25:03.850Z", "is_active": true, "is_staff": false, "role_id": 2, "profile_image": "", "dark_mode": false, "email_verified": false, "session_key": null, "is_logged_in": false, "phone_verified": false, "last_activity": "2026-03-06T06:05:47.507Z", "date_joined": "2026-02-11T16:24:17.340Z", "user_type": "guest", "groups": [], "user_permissions": []}}, {"model": "accounts.customuser", "fields": {"password": "pbkdf2_sha256$1000000$mg0PPOgnvLz8479FyJ56yV$qd3ephtlaQfvHnDJamzdKuW3Clctkn3/ixebCqF1BCE=", "is_superuser": false, "first_name": "Prathamesh", "last_name": "Hajare", "full_name": "Prathamesh Hajare", "email": "test@gmail.com", "phone": "", "first_time_login": 1, "last_login": "2026-02-11T16:47:57.056Z", "is_active": true, "is_staff": false, "role_id": 2, "profile_image": "", "dark_mode": false, "email_verified": false, "session_key": null, "is_logged_in": false, "phone_verified": false, "last_activity": "2026-02-11T16:47:56.996Z", "date_joined": "2026-02-11T16:47:56.996Z", "user_type": "customer", "groups": [], "user_permissions": []}}, {"model": "accounts.customuser", "fields": {"password": "pbkdf2_sha256$1200000$n2uolraUAU5nDJlp0usfZU$1bh8jQ2X3hYASPoZOawCS2V5AV8WTyQOkYJ2alcL+Rc=", "is_superuser": false, "first_name": "Narendra Vijay", "last_name": "Hajare", "full_name": "Narendra Vijay Hajare", "email": "narendrahajare1964@gmail.com", "phone": "9890040783", "first_time_login": 1, "last_login": "2026-02-20T11:05:47.424Z", "is_active": true, "is_staff": true, "role_id": 1, "profile_image": "", "dark_mode": false, "email_verified": false, "session_key": null, "is_logged_in": false, "phone_verified": false, "last_activity": "2026-02-20T10:57:47.189Z", "date_joined": "2026-02-20T10:57:36.705Z", "user_type": "admin", "groups": [], "user_permissions": []}}, {"model": "accounts.passwordstorage", "pk": 1, "fields": {"user": ["pruthvihajare29@gmail.com"], "password_text": "Pass@123"}}, {"model": "accounts.passwordstorage", "pk": 2, "fields": {"user": ["shivanipruthvihajare@gmail.com"], "password_text": "Pruvani@16112025"}}, {"model": "accounts.passwordstorage", "pk": 3, "fields": {"user": ["hajareofficial1997@gmail.com"], "password_text": "8805433102Waz@"}}, {"model": "accounts.passwordstorage", "pk": 4, "fields": {"user": ["test@gmail.com"], "password_text": "Pass@123"}}, {"model": "accounts.passwordstorage", "pk": 6, "fields": {"user": ["narendrahajare1964@gmail.com"], "password_text": "8805433102Waz@"}}, {"model": "accounts.userprofile", "pk": 1, "fields": {"user": ["hajareofficial1997@gmail.com"], "date_of_birth": null, "gender": null, "address_line1": "C 202", "address_line2": "Shatrunjay Building", "landmark": "Near Axis Bank", "city": "Nallasopara West, Station Road", "state": "Maharashtra", "pincode": "401203", "country": "India", "alternate_phone": null, "newsletter_subscribed": false, "sms_notifications": false, "created_at": "2026-03-06T05:48:27.855Z", "updated_at": "2026-03-06T07:35:46.433Z"}}, {"model": "store.cart", "pk": 3, "fields": {"session_key": "mqm16a5wv718ayn2ixjg7rqok0stimo0", "user": null, "created_at": "2026-02-24T10:30:42.753Z", "updated_at": "2026-02-24T10:30:42.753Z"}}, {"model": "store.cart", "pk": 5, "fields": {"session_key": "qidtbwkyzh2jofhe3kk9v7378oaxtvrn", "user": null, "created_at": "2026-02-24T10:53:18.240Z", "updated_at": "2026-02-24T10:53:18.240Z"}}, {"model": "store.cart", "pk": 6, "fields": {"session_key": "xseq494hbqnva072pmokgcbpg6ppqmge", "user": null, "created_at": "2026-02-26T03:55:28.680Z", "updated_at": "2026-02-26T03:55:28.680Z"}}, {"model": "store.cart", "pk": 7, "fields": {"session_key": "6lxo9w18w7iif369n6wx9qre1c5yuf6w", "user": null, "created_at": "2026-02-26T04:02:02.368Z", "updated_at": "2026-02-26T04:02:02.368Z"}}, {"model": "store.cart", "pk": 9, "fields": {"session_key": "qsr7xfrau2kjym6fxn9jxmzlkbukfn5o", "user": null, "created_at": "2026-03-04T04:22:08.407Z", "updated_at": "2026-03-04T04:22:08.407Z"}}, {"model": "store.cart", "pk": 10, "fields": {"session_key": "8b6vgmcv237202bx1n6x6prm5dyg6od8", "user": null, "created_at": "2026-03-04T04:47:26.566Z", "updated_at": "2026-03-04T04:47:26.566Z"}}, {"model": "store.cart", "pk": 11, "fields": {"session_key": "xprrh0qclldrx6cg3qcbquf2uml2t4y2", "user": null, "created_at": "2026-03-04T04:57:47.217Z", "updated_at": "2026-03-04T04:57:47.217Z"}}, {"model": "store.cart", "pk": 12, "fields": {"session_key": "j36x69zce8cjca2p3ci3ueuivem1t7az", "user": null, "created_at": "2026-03-04T05:07:33.386Z", "updated_at": "2026-03-04T05:07:33.386Z"}}, {"model": "store.cart", "pk": 13, "fields": {"session_key": "gu57ti1iide78d9bdwbob2o4dpgc1z8w", "user": null, "created_at": "2026-03-04T05:17:36.905Z", "updated_at": "2026-03-04T05:17:36.905Z"}}, {"model": "store.cart", "pk": 14, "fields": {"session_key": "75arxephelcyolfztc5b9l8galsez3mb", "user": null, "created_at": "2026-03-04T05:25:38.325Z", "updated_at": "2026-03-04T05:25:38.325Z"}}, {"model": "store.cart", "pk": 15, "fields": {"session_key": "29pdyavdggh5489ap0sd5rjurpi3zv4r", "user": null, "created_at": "2026-03-04T05:28:12.307Z", "updated_at": "2026-03-04T05:28:12.307Z"}}, {"model": "store.cart", "pk": 16, "fields": {"session_key": "sv9w3vsgc3j8t1qz9hab0gvtvvnx5fea", "user": null, "created_at": "2026-03-04T05:32:01.254Z", "updated_at": "2026-03-04T05:32:01.254Z"}}, {"model": "store.cart", "pk": 17, "fields": {"session_key": "gv94imypod6jzyrq2tw1aj8r41cdl9vz", "user": null, "created_at": "2026-03-04T05:35:15.410Z", "updated_at": "2026-03-04T05:35:15.410Z"}}, {"model": "store.cart", "pk": 18, "fields": {"session_key": "slirrjqj9y089heix264fw8fpeukgqp9", "user": null, "created_at": "2026-03-04T05:52:36.360Z", "updated_at": "2026-03-04T05:52:36.360Z"}}, {"model": "store.cart", "pk": 19, "fields": {"session_key": "e1dbq660smosbuznnobyo3xzdgr4fw3u", "user": null, "created_at": "2026-03-04T06:08:43.354Z", "updated_at": "2026-03-04T06:08:43.354Z"}}, {"model": "store.cart", "pk": 20, "fields": {"session_key": "g0qmzm5olyfpj3r8wjz4aetiko6e3w6y", "user": null, "created_at": "2026-03-04T06:13:37.495Z", "updated_at": "2026-03-04T06:13:37.495Z"}}, {"model": "store.cart", "pk": 21, "fields": {"session_key": "zu4sgpjjzr4zbll2roqbcyxeolgyyw9d", "user": null, "created_at": "2026-03-04T06:24:39.460Z", "updated_at": "2026-03-04T06:24:39.460Z"}}, {"model": "store.cart", "pk": 22, "fields": {"session_key": "6ennqasq3ks471mpi9wxf7l7i2p8z5hz", "user": null, "created_at": "2026-03-04T06:27:13.828Z", "updated_at": "2026-03-04T06:27:13.828Z"}}, {"model": "store.cart", "pk": 23, "fields": {"session_key": "s2tjru5gfv8xw641w51ks742zp5jtsjm", "user": null, "created_at": "2026-03-04T06:27:21.747Z", "updated_at": "2026-03-04T06:27:21.747Z"}}, {"model": "store.cart", "pk": 25, "fields": {"session_key": "oc69nl1w8n9kwgmbp8yolfskbz5nw5s5", "user": null, "created_at": "2026-03-04T06:43:40.675Z", "updated_at": "2026-03-04T06:43:40.675Z"}}, {"model": "store.cart", "pk": 26, "fields": {"session_key": "d1jgoagi5ravo8f9d0sw7wsvdsz64hfw", "user": null, "created_at": "2026-03-04T07:00:47.892Z", "updated_at": "2026-03-04T07:00:47.892Z"}}, {"model": "store.cart", "pk": 27, "fields": {"session_key": "1d1i1f5h66zxzwlapkokwt4xw7teho5d", "user": null, "created_at": "2026-03-04T07:08:31.481Z", "updated_at": "2026-03-04T07:08:31.481Z"}}, {"model": "store.cart", "pk": 28, "fields": {"session_key": "ecjr910btx305i1pg4yg3k95oi318462", "user": null, "created_at": "2026-03-04T07:16:19.478Z", "updated_at": "2026-03-04T07:16:19.478Z"}}, {"model": "store.cart", "pk": 29, "fields": {"session_key": "9h5ne34lqsh0485oguk4gzr8vsuh60mm", "user": null, "created_at": "2026-03-04T07:18:45.760Z", "updated_at": "2026-03-04T07:18:45.760Z"}}, {"model": "store.cart", "pk": 30, "fields": {"session_key": "0mnx1jilluh0lkhi75yjl9ax2xs3qmuj", "user": null, "created_at": "2026-03-04T07:24:43.008Z", "updated_at": "2026-03-04T07:24:43.008Z"}}, {"model": "store.cart", "pk": 32, "fields": {"session_key": "cdwyjg2azhmol4nxuxgccfgzocz4s02c", "user": null, "created_at": "2026-03-04T07:27:35.716Z", "updated_at": "2026-03-04T07:27:35.716Z"}}, {"model": "store.cart", "pk": 33, "fields": {"session_key": "g6jrka3vu37hy3evg18jhefufo3qf2wg", "user": null, "created_at": "2026-03-05T04:09:03.397Z", "updated_at": "2026-03-05T04:09:03.397Z"}}, {"model": "store.cart", "pk": 35, "fields": {"session_key": "w549h3ayjpyfcu2pnsacw3r6zjwtf5n4", "user": null, "created_at": "2026-03-05T04:34:40.428Z", "updated_at": "2026-03-05T04:34:40.428Z"}}, {"model": "store.cart", "pk": 36, "fields": {"session_key": "0wk8e8xt23jsnapj6rbpxcbp7r237h9j", "user": null, "created_at": "2026-03-05T11:25:38.460Z", "updated_at": "2026-03-05T11:25:38.460Z"}}, {"model": "store.cart", "pk": 37, "fields": {"session_key": "iwbdt3vgp778qd6f6r056beavgw62xvx", "user": null, "created_at": "2026-03-05T11:26:10.310Z", "updated_at": "2026-03-05T11:26:10.310Z"}}, {"model": "store.cart", "pk": 38, "fields": {"session_key": "5z68xqrk6f2it4q3kcze1qg6lm72mbdy", "user": null, "created_at": "2026-03-05T11:44:42.775Z", "updated_at": "2026-03-05T11:44:42.775Z"}}, {"model": "store.cart", "pk": 39, "fields": {"session_key": "syb52hz3rgvkdosjbus5pk4z5f3namzy", "user": null, "created_at": "2026-03-05T12:02:12.492Z", "updated_at": "2026-03-05T12:02:12.492Z"}}, {"model": "store.cart", "pk": 40, "fields": {"session_key": "dnvjhg7lax0i1htkj9o5lv2se9fn4mqr", "user": null, "created_at": "2026-03-05T12:13:19.138Z", "updated_at": "2026-03-05T12:13:19.138Z"}}, {"model": "store.cart", "pk": 41, "fields": {"session_key": "5oflrgkr8kbrvvvz0k32cc0xv5ylnqhr", "user": null, "created_at": "2026-03-05T12:17:42.274Z", "updated_at": "2026-03-05T12:17:42.274Z"}}, {"model": "store.cart", "pk": 42, "fields": {"session_key": "4t3vqw11fcjegcvgculeunxazrzx7ofb", "user": null, "created_at": "2026-03-05T12:22:02.964Z", "updated_at": "2026-03-05T12:22:02.964Z"}}, {"model": "store.cart", "pk": 43, "fields": {"session_key": "qiyvgmug116ptjryxffcsmzi2zvssva1", "user": null, "created_at": "2026-03-05T12:34:34.427Z", "updated_at": "2026-03-05T12:34:34.427Z"}}, {"model": "store.cart", "pk": 44, "fields": {"session_key": "7wj11sbjjlgoxsgpb7x1iavl40aq6ejt", "user": null, "created_at": "2026-03-05T12:43:49.541Z", "updated_at": "2026-03-05T12:43:49.541Z"}}, {"model": "store.cart", "pk": 46, "fields": {"session_key": "ex2yk8gmlhf2hoyz6w2u12f34o67mc4q", "user": null, "created_at": "2026-03-05T12:45:23.692Z", "updated_at": "2026-03-05T12:45:23.692Z"}}, {"model": "store.cart", "pk": 47, "fields": {"session_key": "59p2g1ttkswiosz09v37u34np0vr738g", "user": null, "created_at": "2026-03-06T05:06:09.999Z", "updated_at": "2026-03-06T05:06:10.000Z"}}, {"model": "store.cart", "pk": 48, "fields": {"session_key": "t3i2be3psnkbv5c7vzwmkdniaz0uejsm", "user": null, "created_at": "2026-03-06T05:41:10.738Z", "updated_at": "2026-03-06T05:41:10.738Z"}}, {"model": "store.cart", "pk": 49, "fields": {"session_key": "tz57gwmd0rr9e4ttt2sg6oc0gbviluw7", "user": null, "created_at": "2026-03-06T05:48:17.238Z", "updated_at": "2026-03-06T05:48:17.238Z"}}, {"model": "store.cart", "pk": 50, "fields": {"session_key": "j75oaho16uy2tq0suikmr02f7wwpdbe8", "user": null, "created_at": "2026-03-06T06:01:34.017Z", "updated_at": "2026-03-06T06:01:34.017Z"}}, {"model": "store.cart", "pk": 51, "fields": {"session_key": "89f9djsn4csq1g9nvneppujrmxjf2i8n", "user": null, "created_at": "2026-03-06T06:06:06.848Z", "updated_at": "2026-03-06T06:06:06.848Z"}}, {"model": "store.cart", "pk": 53, "fields": {"session_key": "upb59qlv2za49ac55pa2i3h3jso01wov", "user": null, "created_at": "2026-03-06T06:17:11.219Z", "updated_at": "2026-03-06T06:17:11.219Z"}}, {"model": "store.cart", "pk": 54, "fields": {"session_key": "3dadj9ah7438imayr0sa6g7za88kyilb", "user": null, "created_at": "2026-03-06T06:22:53.892Z", "updated_at": "2026-03-06T06:22:53.892Z"}}, {"model": "store.cart", "pk": 55, "fields": {"session_key": "8kn0e9l7l7hpbcuq1n47ntiqqe1apkme", "user": null, "created_at": "2026-03-06T06:26:39.226Z", "updated_at": "2026-03-06T06:26:39.226Z"}}, {"model": "store.cart", "pk": 56, "fields": {"session_key": "s06l1fvymuylhxnv5smx1ncdmpxrzo60", "user": null, "created_at": "2026-03-06T06:36:51.358Z", "updated_at": "2026-03-06T06:36:51.358Z"}}, {"model": "store.cart", "pk": 57, "fields": {"session_key": "7hncwgb0sg7od6dasqyflei0l738y4us", "user": null, "created_at": "2026-03-06T06:39:49.068Z", "updated_at": "2026-03-06T06:39:49.068Z"}}, {"model": "store.cart", "pk": 58, "fields": {"session_key": "nk4kipltmcaov7kf9my2z7mlwv20tqsn", "user": null, "created_at": "2026-03-06T07:17:51.419Z", "updated_at": "2026-03-06T07:17:51.419Z"}}, {"model": "store.cart", "pk": 59, "fields": {"session_key": "kssp1iwa4ku0as6bkc6u594vwgnvp21z", "user": null, "created_at": "2026-03-06T07:29:35.470Z", "updated_at": "2026-03-06T07:29:35.470Z"}}, {"model": "store.cart", "pk": 60, "fields": {"session_key": "wqccyczmbx8k6zmviey0kb20jbtaep3u", "user": null, "created_at": "2026-03-06T07:33:20.510Z", "updated_at": "2026-03-06T07:33:20.510Z"}}, {"model": "store.cart", "pk": 61, "fields": {"session_key": null, "user": ["hajareofficial1997@gmail.com"], "created_at": "2026-03-06T07:36:29.683Z", "updated_at": "2026-03-06T07:36:29.683Z"}}, {"model": "store.cart", "pk": 62, "fields": {"session_key": "gi1uijld457ay3hhb085uzh02g2tamok", "user": null, "created_at": "2026-03-06T07:43:19.189Z", "updated_at": "2026-03-06T07:43:19.189Z"}}, {"model": "store.cart", "pk": 63, "fields": {"session_key": "t5uwu0m102jeflvjfogkpkky4tsrmw8b", "user": null, "created_at": "2026-03-06T07:45:38.224Z", "updated_at": "2026-03-06T07:45:38.224Z"}}, {"model": "store.cart", "pk": 64, "fields": {"session_key": "bgbqdq3q8qqwrskamggv69bqak3plun6", "user": null, "created_at": "2026-03-07T05:24:54.731Z", "updated_at": "2026-03-07T05:24:54.731Z"}}, {"model": "store.review", "pk": 1, "fields": {"bouquet": 1, "user": ["hajareofficial1997@gmail.com"], "rating": 5, "comment": "Absolutely beautiful roses! They lasted for over a week and the color was vibrant. Perfect for anniversary gift.", "is_active": 1, "created_at": "2026-02-25T10:30:00Z", "updated_at": "2026-02-25T10:30:00Z"}}, {"model": "store.review", "pk": 2, "fields": {"bouquet": 1, "user": ["hajareofficial1997@gmail.com"], "rating": 4, "comment": "Very good quality flowers. Delivery was on time. Would recommend.", "is_active": 1, "created_at": "2026-02-26T14:15:00Z", "updated_at": "2026-02-26T14:15:00Z"}}, {"model": "store.review", "pk": 3, "fields": {"bouquet": 1, "user": ["hajareofficial1997@gmail.com"], "rating": 5, "comment": "Stunning arrangement! My wife loved it. The roses were fresh and well packed.", "is_active": 1, "created_at": "2026-02-27T09:45:00Z", "updated_at": "2026-02-27T09:45:00Z"}}, {"model": "store.review", "pk": 4, "fields": {"bouquet": 1, "user": ["hajareofficial1997@gmail.com"], "rating": 5, "comment": "Excellent service and beautiful flowers. Will order again!", "is_active": 1, "created_at": "2026-02-28T16:20:00Z", "updated_at": "2026-02-28T16:20:00Z"}}, {"model": "store.review", "pk": 5, "fields": {"bouquet": 1, "user": ["hajareofficial1997@gmail.com"], "rating": 4, "comment": "Good quality roses. Slightly pricey but worth it for special occasions.", "is_active": 1, "created_at": "2026-03-01T11:10:00Z", "updated_at": "2026-03-01T11:10:00Z"}}, {"model": "store.review", "pk": 6, "fields": {"bouquet": 1, "user": ["hajareofficial1997@gmail.com"], "rating": 5, "comment": "Perfect condition on arrival. Flowers lasted 8 days! Highly recommended.", "is_active": 1, "created_at": "2026-03-02T13:25:00Z", "updated_at": "2026-03-02T13:25:00Z"}}, {"model": "store.review", "pk": 7, "fields": {"bouquet": 1, "user": ["hajareofficial1997@gmail.com"], "rating": 3, "comment": "Good flowers but delivery was a bit late. Otherwise okay.", "is_active": 1, "created_at": "2026-03-03T08:50:00Z", "updated_at": "2026-03-03T08:50:00Z"}}, {"model": "store.review", "pk": 8, "fields": {"bouquet": 1, "user": ["hajareofficial1997@gmail.com"], "rating": 5, "comment": "Amazing fragrance and beautiful presentation. Great gift choice!", "is_active": 1, "created_at": "2026-03-04T12:30:00Z", "updated_at": "2026-03-04T12:30:00Z"}}, {"model": "store.review", "pk": 9, "fields": {"bouquet": 4, "user": ["hajareofficial1997@gmail.com"], "rating": 4, "comment": "Wonderful Product Must Buy", "is_active": 1, "created_at": "2026-03-05T11:53:43.807Z", "updated_at": "2026-03-05T11:53:43.807Z"}}, {"model": "store.review", "pk": 10, "fields": {"bouquet": 5, "user": ["hajareofficial1997@gmail.com"], "rating": 3, "comment": "OKay Very Nice", "is_active": 1, "created_at": "2026-03-05T12:01:51.764Z", "updated_at": "2026-03-05T12:01:51.765Z"}}, {"model": "store.order", "pk": 1, "fields": {"user": ["hajareofficial1997@gmail.com"], "order_number": "ORD-20260306-2238", "order_date": "2026-03-06T07:34:54.802Z", "email": "hajareofficial1997@gmail.com", "phone": "8805433102", "first_name": "Pankaj N.", "last_name": "Hajare", "address_line1": "C 202", "address_line2": "Shatrunjay Building", "landmark": "Near Axis Bank", "city": "Nallasopara West, Station Road", "state": "Maharashtra", "pincode": "401203", "country": "India", "delivery_option": "standard", "delivery_charge": "0.00", "payment_method": "cod", "payment_status": "pending", "subtotal": "5498.20", "total": "5498.20", "status": "pending", "order_notes": null, "created_at": "2026-03-06T07:34:54.802Z", "updated_at": "2026-03-06T07:34:54.802Z"}}]
